order_id,brand,product_name,ram,upc,original_price,discount_percent,final_price,rating,reviews_count,quantity_sold,city,order_date,purchase_link
100000,Apple,iPhone 11,6 GB,MOBQVH894R9,39999,8,36799,4.4,612,3,Chennai,2024-06-26,https://www.flipkart.com/search?q=iPhone+11
100001,Apple,iPhone 11 Pro Max,8 GB,MOB2QXVGPPZ,74999,0,74999,4.8,3122,1,Bangalore,2024-06-11,https://www.flipkart.com/search?q=iPhone+11+Pro+Max
100002,Apple,iPhone 13,8 GB,MOBJNWBFM8V,59999,6,56399,4.5,1958,4,Ahmedabad,2024-09-30,https://www.flipkart.com/search?q=iPhone+13
100003,Apple,iPhone 14 Pro Max,6 GB,MOB7WOHQJEX,129999,16,109199,4.1,2623,3,Jaipur,2023-11-29,https://www.flipkart.com/search?q=iPhone+14+Pro+Max
100004,Apple,iPhone 15 Plus,8 GB,MOB7T2SR2UJ,89999,2,88199,4.6,4879,2,Hyderabad,2023-04-09,https://www.flipkart.com/search?q=iPhone+15+Plus
100005,Apple,iPhone 14,8 GB,MOBBZS59AFE,69999,19,56699,4.6,2972,4,Pune,2023-03-25,https://www.flipkart.com/search?q=iPhone+14
100006,Apple,iPhone 12 Mini,6 GB,MOBNTN2QSEX,45999,10,41399,3.8,4528,2,Ahmedabad,2024-01-19,https://www.flipkart.com/search?q=iPhone+12+Mini
100007,Apple,iPhone 14 Pro Max,6 GB,MOBCIZKJF6P,129999,14,111799,4,1308,2,Kolkata,2024-05-29,https://www.flipkart.com/search?q=iPhone+14+Pro+Max
100008,Apple,iPhone 13 Pro,8 GB,MOBJ6ANXA8R,89999,18,73799,3.8,56,2,Hyderabad,2023-05-22,https://www.flipkart.com/search?q=iPhone+13+Pro
100009,Apple,iPhone 13 Pro,4 GB,MOBFN3Z6I2V,89999,4,86399,4.7,1822,1,Bangalore,2024-11-23,https://www.flipkart.com/search?q=iPhone+13+Pro
100010,Apple,iPhone 15 Pro Max,6 GB,MOBFXZ245ZJ,159900,10,143910,4.8,1995,3,Pune,2024-05-21,https://www.flipkart.com/search?q=iPhone+15+Pro+Max
100011,Apple,iPhone 11 Pro Max,6 GB,MOBJD497GEU,74999,7,69749,4.5,2198,4,Delhi,2023-12-11,https://www.flipkart.com/search?q=iPhone+11+Pro+Max
100012,Apple,iPhone 15 Plus,6 GB,MOB5SVCGWRW,89999,20,71999,3.9,1733,5,Lucknow,2023-07-02,https://www.flipkart.com/search?q=iPhone+15+Plus
100013,Apple,iPhone 15 Pro,6 GB,MOBUXB1UX60,134900,6,126806,4.5,4162,3,Mumbai,2024-08-14,https://www.flipkart.com/search?q=iPhone+15+Pro
100014,Apple,iPhone 15 Pro,6 GB,MOBLYW86ABT,134900,7,125456,4.4,3485,5,Ahmedabad,2024-11-19,https://www.flipkart.com/search?q=iPhone+15+Pro
100015,Apple,iPhone 14 Pro,4 GB,MOBPW08CH26,119999,2,117599,3.8,67,3,Hyderabad,2023-08-24,https://www.flipkart.com/search?q=iPhone+14+Pro
100016,Apple,iPhone 12 Pro Max,6 GB,MOBY1DZBSL7,84999,2,83299,4.3,4097,3,Kolkata,2023-08-01,https://www.flipkart.com/search?q=iPhone+12+Pro+Max
100017,Apple,iPhone 12,4 GB,MOBVA31GVX5,49999,4,47999,4,1193,4,Kolkata,2024-05-11,https://www.flipkart.com/search?q=iPhone+12
100018,Apple,iPhone 11,6 GB,MOBFQMK74WY,39999,4,38399,4.3,3843,1,Lucknow,2023-08-25,https://www.flipkart.com/search?q=iPhone+11
100019,Apple,iPhone 12 Mini,4 GB,MOBAKVKARAA,45999,8,42319,4.6,4487,4,Pune,2024-05-30,https://www.flipkart.com/search?q=iPhone+12+Mini
100020,Apple,iPhone 14,8 GB,MOBVSGAXEZF,69999,4,67199,4,2713,3,Chennai,2023-05-30,https://www.flipkart.com/search?q=iPhone+14
100021,Apple,iPhone 11 Pro,4 GB,MOBTZ9E2XYR,69999,12,61599,3.9,3035,5,Lucknow,2024-10-10,https://www.flipkart.com/search?q=iPhone+11+Pro
100022,Apple,iPhone 14,4 GB,MOB3Y7RTKZF,69999,19,56699,4.6,1368,3,Mumbai,2023-08-11,https://www.flipkart.com/search?q=iPhone+14
100023,Apple,iPhone 14,8 GB,MOBSVECSJEL,69999,4,67199,4.6,464,2,Lucknow,2024-12-26,https://www.flipkart.com/search?q=iPhone+14
100024,Apple,iPhone 12 Pro,6 GB,MOBVGRQWARZ,79999,8,73599,3.9,4416,5,Bangalore,2024-08-29,https://www.flipkart.com/search?q=iPhone+12+Pro
100025,Apple,iPhone 15 Pro Max,6 GB,MOBEGZ6X690,159900,13,139113,4,2857,2,Bangalore,2024-10-11,https://www.flipkart.com/search?q=iPhone+15+Pro+Max
100026,Apple,iPhone 14 Pro Max,8 GB,MOBX7DE4PS0,129999,3,126099,4,4369,4,Hyderabad,2024-04-13,https://www.flipkart.com/search?q=iPhone+14+Pro+Max
100027,Apple,iPhone 12 Mini,4 GB,MOBEA4TWSM2,45999,10,41399,4.9,1297,3,Mumbai,2023-03-22,https://www.flipkart.com/search?q=iPhone+12+Mini
100028,Apple,iPhone 15 Pro,8 GB,MOBK9GI6VSE,134900,17,111967,3.9,4495,1,Chennai,2023-05-13,https://www.flipkart.com/search?q=iPhone+15+Pro
100029,Apple,iPhone 13 Mini,4 GB,MOBQCJQOLR5,54999,7,51149,3.9,235,2,Jaipur,2024-10-21,https://www.flipkart.com/search?q=iPhone+13+Mini
100030,Apple,iPhone 13 Pro,4 GB,MOBETD3ST03,89999,5,85499,4.2,4058,4,Ahmedabad,2024-11-03,https://www.flipkart.com/search?q=iPhone+13+Pro
100031,Apple,iPhone 12 Pro Max,4 GB,MOB64WS9M4W,84999,1,84149,4.2,3520,3,Jaipur,2023-01-04,https://www.flipkart.com/search?q=iPhone+12+Pro+Max
100032,Apple,iPhone 12 Mini,4 GB,MOB1TCOTU6H,45999,8,42319,4.1,4757,5,Kolkata,2023-10-02,https://www.flipkart.com/search?q=iPhone+12+Mini
100033,Apple,iPhone 12 Pro Max,8 GB,MOBXXDMWW6K,84999,1,84149,4.3,2641,5,Lucknow,2023-10-21,https://www.flipkart.com/search?q=iPhone+12+Pro+Max
100034,Apple,iPhone 12 Pro,6 GB,MOBFHMZQWB8,79999,4,76799,4.8,4338,1,Bangalore,2024-10-16,https://www.flipkart.com/search?q=iPhone+12+Pro
100035,Apple,iPhone 12 Pro Max,8 GB,MOBXY4ESVOT,84999,13,73949,4.8,659,4,Jaipur,2024-10-18,https://www.flipkart.com/search?q=iPhone+12+Pro+Max
100036,Apple,iPhone 14 Plus,6 GB,MOBTSXEM2UX,74999,2,73499,3.9,3234,2,Bangalore,2023-04-14,https://www.flipkart.com/search?q=iPhone+14+Plus
100037,Apple,iPhone 11 Pro Max,4 GB,MOBR76PRFC0,74999,8,68999,4.5,708,3,Kolkata,2023-04-15,https://www.flipkart.com/search?q=iPhone+11+Pro+Max
100038,Apple,iPhone 12 Mini,6 GB,MOBCQTB1160,45999,20,36799,4.1,2173,2,Kolkata,2023-10-09,https://www.flipkart.com/search?q=iPhone+12+Mini
100039,Apple,iPhone 15,4 GB,MOBH0CPOKF7,79999,8,73599,4.3,572,2,Ahmedabad,2023-08-15,https://www.flipkart.com/search?q=iPhone+15
100040,Apple,iPhone 14 Pro,4 GB,MOBLNS3UF7M,119999,15,101999,3.9,2703,1,Pune,2023-01-02,https://www.flipkart.com/search?q=iPhone+14+Pro
100041,Apple,iPhone 12,8 GB,MOBGG6U2URG,49999,11,44499,3.9,1981,1,Bangalore,2024-06-04,https://www.flipkart.com/search?q=iPhone+12
100042,Apple,iPhone 14,4 GB,MOBXWONAPBY,69999,15,59499,4.8,4761,4,Lucknow,2024-01-25,https://www.flipkart.com/search?q=iPhone+14
100043,Apple,iPhone 11 Pro Max,4 GB,MOBVS56W15I,74999,20,59999,4.3,2432,5,Delhi,2024-01-08,https://www.flipkart.com/search?q=iPhone+11+Pro+Max
100044,Apple,iPhone 15 Pro Max,4 GB,MOB6IK9I9B4,159900,7,148707,3.9,774,3,Hyderabad,2024-02-17,https://www.flipkart.com/search?q=iPhone+15+Pro+Max
100045,Apple,iPhone 12 Pro,4 GB,MOB3UZT1YJ9,79999,18,65599,3.8,3106,1,Mumbai,2024-03-27,https://www.flipkart.com/search?q=iPhone+12+Pro
100046,Apple,iPhone 12 Pro,6 GB,MOB1BGW1T67,79999,3,77599,4.1,1069,3,Mumbai,2024-01-03,https://www.flipkart.com/search?q=iPhone+12+Pro
100047,Apple,iPhone 12 Pro,8 GB,MOBQTLNJ1S3,79999,4,76799,3.9,3041,1,Pune,2023-03-03,https://www.flipkart.com/search?q=iPhone+12+Pro
100048,Apple,iPhone 15 Plus,6 GB,MOBAUQWMFF8,89999,14,77399,4.4,342,3,Ahmedabad,2023-07-29,https://www.flipkart.com/search?q=iPhone+15+Plus
100049,Apple,iPhone 11 Pro,6 GB,MOBYSIS4ZTN,69999,3,67899,4.1,1478,2,Mumbai,2024-01-13,https://www.flipkart.com/search?q=iPhone+11+Pro
100050,Apple,iPhone 14 Plus,4 GB,MOBS6NBO3ED,74999,0,74999,4.2,2867,3,Hyderabad,2024-04-15,https://www.flipkart.com/search?q=iPhone+14+Plus
100051,Apple,iPhone 11 Pro,6 GB,MOBD41LUT6D,69999,12,61599,4.2,1100,5,Lucknow,2023-12-12,https://www.flipkart.com/search?q=iPhone+11+Pro
100052,Apple,iPhone 13 Pro,4 GB,MOB9DWFOPUB,89999,15,76499,4.4,2021,2,Delhi,2023-04-28,https://www.flipkart.com/search?q=iPhone+13+Pro
100053,Apple,iPhone 14 Pro,4 GB,MOBTQHRNYJF,119999,5,113999,4.4,990,5,Pune,2023-02-22,https://www.flipkart.com/search?q=iPhone+14+Pro
100054,Apple,iPhone 12,8 GB,MOBEFYPYGZ2,49999,8,45999,4.8,2721,4,Chennai,2023-03-04,https://www.flipkart.com/search?q=iPhone+12
100055,Apple,iPhone 11 Pro Max,4 GB,MOB54MKVHAW,74999,20,59999,4.8,3445,1,Chennai,2023-10-24,https://www.flipkart.com/search?q=iPhone+11+Pro+Max
100056,Apple,iPhone 11,6 GB,MOBXRM1SYHQ,39999,15,33999,3.9,136,1,Jaipur,2023-04-20,https://www.flipkart.com/search?q=iPhone+11
100057,Apple,iPhone 12 Pro Max,4 GB,MOBRV3F5PYY,84999,5,80749,4,881,3,Pune,2024-03-04,https://www.flipkart.com/search?q=iPhone+12+Pro+Max
100058,Apple,iPhone 14 Pro,4 GB,MOBNE8I1HV1,119999,20,95999,4.6,2802,5,Delhi,2023-11-14,https://www.flipkart.com/search?q=iPhone+14+Pro
100059,Apple,iPhone 12 Pro Max,8 GB,MOBBY10IT0G,84999,2,83299,4.6,1841,2,Mumbai,2024-05-26,https://www.flipkart.com/search?q=iPhone+12+Pro+Max
100060,Apple,iPhone 13 Pro,4 GB,MOB1E47DLYI,89999,3,87299,4.6,3973,5,Lucknow,2023-09-20,https://www.flipkart.com/search?q=iPhone+13+Pro
100061,Apple,iPhone 13 Mini,6 GB,MOBJZYXC7UN,54999,19,44549,3.9,2419,5,Kolkata,2024-01-19,https://www.flipkart.com/search?q=iPhone+13+Mini
100062,Apple,iPhone 14 Pro Max,8 GB,MOBUUTIXT3B,129999,14,111799,4.1,2555,5,Ahmedabad,2024-10-04,https://www.flipkart.com/search?q=iPhone+14+Pro+Max
100063,Apple,iPhone 12 Pro,4 GB,MOB6P7IW56L,79999,6,75199,4,1047,3,Jaipur,2024-07-25,https://www.flipkart.com/search?q=iPhone+12+Pro
100064,Apple,iPhone 15,6 GB,MOBZVG7G16J,79999,18,65599,4.3,3413,2,Hyderabad,2023-02-08,https://www.flipkart.com/search?q=iPhone+15
100065,Apple,iPhone 13,8 GB,MOB14M8F94P,59999,14,51599,4.6,1834,3,Bangalore,2024-04-04,https://www.flipkart.com/search?q=iPhone+13
100066,Apple,iPhone 11 Pro Max,8 GB,MOB1PK1FVBL,74999,19,60749,4.6,3960,4,Bangalore,2023-12-05,https://www.flipkart.com/search?q=iPhone+11+Pro+Max
100067,Apple,iPhone 15,8 GB,MOB19GODRH4,79999,17,66399,4.5,913,2,Bangalore,2024-06-29,https://www.flipkart.com/search?q=iPhone+15
100068,Apple,iPhone 15 Pro,6 GB,MOBQOQ8HUMH,134900,16,113316,4,3633,4,Jaipur,2024-04-01,https://www.flipkart.com/search?q=iPhone+15+Pro
100069,Apple,iPhone 13 Pro Max,6 GB,MOBIVIFA3QN,94999,17,78849,4.6,3338,1,Delhi,2024-06-08,https://www.flipkart.com/search?q=iPhone+13+Pro+Max
100070,Apple,iPhone 15 Plus,8 GB,MOBYCUF9DHE,89999,10,80999,3.9,3347,3,Ahmedabad,2023-02-04,https://www.flipkart.com/search?q=iPhone+15+Plus
100071,Apple,iPhone 14 Plus,4 GB,MOB1KEP9N4C,74999,9,68249,4.3,4025,4,Kolkata,2024-01-30,https://www.flipkart.com/search?q=iPhone+14+Plus
100072,Apple,iPhone 11 Pro Max,8 GB,MOBFAQQJLEP,74999,5,71249,4.8,2536,5,Pune,2024-04-20,https://www.flipkart.com/search?q=iPhone+11+Pro+Max
100073,Apple,iPhone 14 Plus,4 GB,MOBZN0GWH0J,74999,13,65249,4.5,4214,4,Ahmedabad,2024-04-12,https://www.flipkart.com/search?q=iPhone+14+Plus
100074,Apple,iPhone 14 Plus,8 GB,MOB8PIDB7XA,74999,14,64499,4.7,3519,5,Mumbai,2023-12-26,https://www.flipkart.com/search?q=iPhone+14+Plus
100075,Apple,iPhone 12 Mini,8 GB,MOBJL1EK6X3,45999,4,44159,4.3,1406,5,Ahmedabad,2024-02-16,https://www.flipkart.com/search?q=iPhone+12+Mini
100076,Apple,iPhone 13 Pro,8 GB,MOBZ5MNO2YE,89999,15,76499,3.8,134,5,Chennai,2023-08-30,https://www.flipkart.com/search?q=iPhone+13+Pro
100077,Apple,iPhone 13 Pro,6 GB,MOBNHUC9J1X,89999,13,78299,3.9,4651,1,Jaipur,2023-12-08,https://www.flipkart.com/search?q=iPhone+13+Pro
100078,Apple,iPhone 14 Pro Max,4 GB,MOBV36V2WRJ,129999,6,122199,4,3465,4,Delhi,2024-03-21,https://www.flipkart.com/search?q=iPhone+14+Pro+Max
100079,Apple,iPhone 15 Plus,4 GB,MOBVPV6V4CO,89999,9,81899,4.8,4708,4,Delhi,2024-10-25,https://www.flipkart.com/search?q=iPhone+15+Plus
100080,Apple,iPhone 14 Pro,6 GB,MOBLL09OGRK,119999,18,98399,4.7,3291,3,Jaipur,2024-12-18,https://www.flipkart.com/search?q=iPhone+14+Pro
100081,Apple,iPhone 15 Plus,6 GB,MOBSIEWUNB3,89999,3,87299,4.1,2106,3,Delhi,2024-05-03,https://www.flipkart.com/search?q=iPhone+15+Plus
100082,Apple,iPhone 15,8 GB,MOB1JI8Y62O,79999,8,73599,4.5,4715,4,Bangalore,2024-02-28,https://www.flipkart.com/search?q=iPhone+15
100083,Apple,iPhone 14 Plus,6 GB,MOB0JZ0PL9N,74999,2,73499,4.7,4161,4,Pune,2024-05-17,https://www.flipkart.com/search?q=iPhone+14+Plus
100084,Apple,iPhone 14 Pro,8 GB,MOBOYCMXSJO,119999,10,107999,4.4,1881,2,Bangalore,2023-01-06,https://www.flipkart.com/search?q=iPhone+14+Pro
100085,Apple,iPhone 14,8 GB,MOBOQM6V28W,69999,3,67899,4.1,4560,5,Mumbai,2024-07-24,https://www.flipkart.com/search?q=iPhone+14
100086,Apple,iPhone 15 Pro,4 GB,MOBW6RO2IMY,134900,5,128155,4.1,611,5,Pune,2024-07-15,https://www.flipkart.com/search?q=iPhone+15+Pro
100087,Apple,iPhone 13,4 GB,MOBV6KBKTGO,59999,16,50399,4.4,930,1,Bangalore,2023-04-03,https://www.flipkart.com/search?q=iPhone+13
100088,Apple,iPhone 14 Plus,4 GB,MOBNM4CXCLS,74999,6,70499,4.2,1333,3,Jaipur,2024-07-03,https://www.flipkart.com/search?q=iPhone+14+Plus
100089,Apple,iPhone 12,6 GB,MOBHND45KOA,49999,17,41499,4.6,3680,1,Hyderabad,2024-01-20,https://www.flipkart.com/search?q=iPhone+12
100090,Apple,iPhone 12,4 GB,MOB3XA5P6WM,49999,13,43499,4.6,1708,4,Ahmedabad,2024-01-16,https://www.flipkart.com/search?q=iPhone+12
100091,Apple,iPhone 15 Plus,4 GB,MOBDE131IQO,89999,12,79199,4.3,2466,2,Chennai,2023-01-05,https://www.flipkart.com/search?q=iPhone+15+Plus
100092,Apple,iPhone 12,8 GB,MOBXRWS59XL,49999,5,47499,4.7,1439,3,Bangalore,2024-05-20,https://www.flipkart.com/search?q=iPhone+12
100093,Apple,iPhone 12 Pro,4 GB,MOBQ42Q39Z2,79999,16,67199,4,2366,2,Mumbai,2024-04-11,https://www.flipkart.com/search?q=iPhone+12+Pro
100094,Apple,iPhone 12 Pro,8 GB,MOB4VO8EQ4Q,79999,14,68799,4.8,1647,3,Lucknow,2024-09-10,https://www.flipkart.com/search?q=iPhone+12+Pro
100095,Apple,iPhone 14 Pro,4 GB,MOB41USJAID,119999,7,111599,3.9,4287,5,Pune,2024-08-29,https://www.flipkart.com/search?q=iPhone+14+Pro
100096,Apple,iPhone 15 Plus,6 GB,MOB6T0EQMVI,89999,10,80999,4,2318,2,Delhi,2023-05-04,https://www.flipkart.com/search?q=iPhone+15+Plus
100097,Apple,iPhone 12 Pro,4 GB,MOBM2CMBMGR,79999,13,69599,4.5,2009,3,Hyderabad,2023-09-13,https://www.flipkart.com/search?q=iPhone+12+Pro
100098,Apple,iPhone 15 Pro,6 GB,MOBGU7KZRFB,134900,12,118712,4.3,962,3,Kolkata,2023-05-29,https://www.flipkart.com/search?q=iPhone+15+Pro
100099,Apple,iPhone 14 Pro,8 GB,MOB65BE2DJE,119999,10,107999,4.6,3048,2,Mumbai,2024-07-18,https://www.flipkart.com/search?q=iPhone+14+Pro
100100,Apple,iPhone 13 Pro Max,8 GB,MOBD56GAX2U,94999,6,89299,3.8,4253,2,Hyderabad,2024-06-30,https://www.flipkart.com/search?q=iPhone+13+Pro+Max
100101,Apple,iPhone 14 Pro Max,8 GB,MOBRLIGTV9M,129999,20,103999,3.9,3883,2,Kolkata,2023-04-02,https://www.flipkart.com/search?q=iPhone+14+Pro+Max
100102,Apple,iPhone 13 Pro,6 GB,MOBXL28D8JX,89999,15,76499,4.8,3342,1,Delhi,2023-12-06,https://www.flipkart.com/search?q=iPhone+13+Pro
100103,Apple,iPhone 13 Pro Max,4 GB,MOBPTRZA2RO,94999,3,92149,4.8,2979,2,Hyderabad,2023-08-04,https://www.flipkart.com/search?q=iPhone+13+Pro+Max
100104,Apple,iPhone 14 Pro,6 GB,MOBATQ820VV,119999,1,118799,4,3247,5,Chennai,2023-06-12,https://www.flipkart.com/search?q=iPhone+14+Pro
100105,Apple,iPhone 13,8 GB,MOBTZ8SK5ZU,59999,9,54599,3.9,3316,4,Mumbai,2023-06-07,https://www.flipkart.com/search?q=iPhone+13
100106,Apple,iPhone 12 Mini,4 GB,MOBLCSZWD32,45999,18,37719,4.7,2240,1,Ahmedabad,2024-07-25,https://www.flipkart.com/search?q=iPhone+12+Mini
100107,Apple,iPhone 11 Pro Max,4 GB,MOB4CLWP5GN,74999,7,69749,4.9,268,5,Kolkata,2024-06-20,https://www.flipkart.com/search?q=iPhone+11+Pro+Max
100108,Apple,iPhone 15 Pro Max,8 GB,MOBXYGRLPHX,159900,20,127920,4.7,1489,1,Ahmedabad,2024-04-01,https://www.flipkart.com/search?q=iPhone+15+Pro+Max
100109,Apple,iPhone 13 Pro Max,8 GB,MOBQWRZBTLM,94999,13,82649,3.9,3003,3,Delhi,2023-12-20,https://www.flipkart.com/search?q=iPhone+13+Pro+Max
100110,Apple,iPhone 12 Mini,4 GB,MOBYUCRXKV8,45999,20,36799,4,4938,4,Mumbai,2023-03-24,https://www.flipkart.com/search?q=iPhone+12+Mini
100111,Apple,iPhone 11 Pro Max,4 GB,MOBMX9RI3VC,74999,0,74999,4.1,3792,3,Chennai,2023-12-08,https://www.flipkart.com/search?q=iPhone+11+Pro+Max
100112,Apple,iPhone 11,8 GB,MOB63INDYIZ,39999,5,37999,4.9,415,5,Hyderabad,2023-01-21,https://www.flipkart.com/search?q=iPhone+11
100113,Apple,iPhone 14 Pro,4 GB,MOBN29TMMBR,119999,18,98399,4.5,4028,3,Bangalore,2023-01-28,https://www.flipkart.com/search?q=iPhone+14+Pro
100114,Apple,iPhone 15 Pro Max,4 GB,MOBS1JUD552,159900,1,158301,4.2,2199,5,Lucknow,2023-12-01,https://www.flipkart.com/search?q=iPhone+15+Pro+Max
100115,Apple,iPhone 11,6 GB,MOBD3QL91J4,39999,17,33199,4.6,3790,5,Lucknow,2024-08-30,https://www.flipkart.com/search?q=iPhone+11
100116,Apple,iPhone 15 Plus,4 GB,MOBM5HCNKQA,89999,4,86399,4.5,1246,3,Hyderabad,2023-01-12,https://www.flipkart.com/search?q=iPhone+15+Plus
100117,Apple,iPhone 12 Mini,4 GB,MOBCNNS3DAK,45999,12,40479,4.8,663,4,Chennai,2024-04-08,https://www.flipkart.com/search?q=iPhone+12+Mini
100118,Apple,iPhone 14 Plus,8 GB,MOBMFWP7PYS,74999,0,74999,4.4,4903,1,Ahmedabad,2023-04-16,https://www.flipkart.com/search?q=iPhone+14+Plus
100119,Apple,iPhone 15 Pro Max,6 GB,MOBUQQ192N6,159900,1,158301,4.1,2373,3,Chennai,2023-12-12,https://www.flipkart.com/search?q=iPhone+15+Pro+Max
100120,Apple,iPhone 14 Pro Max,4 GB,MOBOY75TR4I,129999,7,120899,4.9,1145,5,Kolkata,2023-03-06,https://www.flipkart.com/search?q=iPhone+14+Pro+Max
100121,Apple,iPhone 12 Pro Max,8 GB,MOB008MWHTC,84999,17,70549,4.1,4834,3,Bangalore,2024-05-18,https://www.flipkart.com/search?q=iPhone+12+Pro+Max
100122,Apple,iPhone 13,4 GB,MOB2DFKLN2W,59999,8,55199,4.9,3052,1,Bangalore,2024-08-11,https://www.flipkart.com/search?q=iPhone+13
100123,Apple,iPhone 15 Plus,6 GB,MOB9BKN46FR,89999,14,77399,3.9,3856,3,Lucknow,2023-07-16,https://www.flipkart.com/search?q=iPhone+15+Plus
100124,Apple,iPhone 15 Pro Max,8 GB,MOBEN0PEVX9,159900,9,145509,4,4799,2,Jaipur,2024-10-23,https://www.flipkart.com/search?q=iPhone+15+Pro+Max
100125,Apple,iPhone 12 Pro Max,8 GB,MOB6NNFOQIU,84999,15,72249,3.9,646,2,Ahmedabad,2023-10-20,https://www.flipkart.com/search?q=iPhone+12+Pro+Max
100126,Apple,iPhone 14 Pro,8 GB,MOBE23M3VLW,119999,8,110399,4.2,3819,5,Delhi,2023-12-05,https://www.flipkart.com/search?q=iPhone+14+Pro
100127,Apple,iPhone 15,6 GB,MOBU3TSU3JN,79999,11,71199,4.5,288,3,Mumbai,2024-01-24,https://www.flipkart.com/search?q=iPhone+15
100128,Apple,iPhone 11,8 GB,MOBSKVVZQTY,39999,5,37999,4.1,2169,2,Kolkata,2023-06-21,https://www.flipkart.com/search?q=iPhone+11
100129,Apple,iPhone 13 Pro,8 GB,MOB775Z0PHY,89999,12,79199,4.4,4452,2,Delhi,2024-02-25,https://www.flipkart.com/search?q=iPhone+13+Pro
100130,Apple,iPhone 13 Pro,8 GB,MOBPPGSGNK6,89999,6,84599,4.5,4271,2,Delhi,2023-10-13,https://www.flipkart.com/search?q=iPhone+13+Pro
100131,Apple,iPhone 13 Pro,4 GB,MOB2G0WBDH8,89999,5,85499,4.8,4847,2,Delhi,2024-06-15,https://www.flipkart.com/search?q=iPhone+13+Pro
100132,Apple,iPhone 11,6 GB,MOBTSBKIV7T,39999,1,39599,4.6,4546,4,Lucknow,2024-05-24,https://www.flipkart.com/search?q=iPhone+11
100133,Apple,iPhone 14 Plus,4 GB,MOBAGOCF7ZC,74999,11,66749,4.6,2558,4,Jaipur,2023-02-24,https://www.flipkart.com/search?q=iPhone+14+Plus
100134,Apple,iPhone 14 Pro,6 GB,MOBHUFC9QVZ,119999,14,103199,4.4,1452,1,Chennai,2023-03-22,https://www.flipkart.com/search?q=iPhone+14+Pro
100135,Apple,iPhone 14 Plus,6 GB,MOBGZ9G02XO,74999,14,64499,4.2,2731,5,Ahmedabad,2024-12-21,https://www.flipkart.com/search?q=iPhone+14+Plus
100136,Apple,iPhone 15 Pro Max,8 GB,MOBE7ECPOYC,159900,4,153504,4.5,1457,2,Chennai,2024-12-17,https://www.flipkart.com/search?q=iPhone+15+Pro+Max
100137,Apple,iPhone 12 Pro,8 GB,MOBDVXUZZHU,79999,14,68799,4.4,3960,4,Pune,2023-12-28,https://www.flipkart.com/search?q=iPhone+12+Pro
100138,Apple,iPhone 15,8 GB,MOBLBF50VEF,79999,7,74399,4,3559,5,Jaipur,2023-11-08,https://www.flipkart.com/search?q=iPhone+15
100139,Apple,iPhone 13 Pro Max,6 GB,MOBPUD7NSAF,94999,17,78849,4.9,1847,4,Bangalore,2024-07-20,https://www.flipkart.com/search?q=iPhone+13+Pro+Max
100140,Apple,iPhone 14 Plus,8 GB,MOBHS2KDIY0,74999,12,65999,4.5,2530,2,Delhi,2023-03-20,https://www.flipkart.com/search?q=iPhone+14+Plus
100141,Apple,iPhone 11 Pro,8 GB,MOB54WJJE8G,69999,2,68599,3.9,2678,5,Ahmedabad,2023-08-08,https://www.flipkart.com/search?q=iPhone+11+Pro
100142,Apple,iPhone 12,4 GB,MOBCIUY6UEG,49999,1,49499,4,2609,2,Jaipur,2023-01-10,https://www.flipkart.com/search?q=iPhone+12
100143,Apple,iPhone 11 Pro,6 GB,MOBRD6V16IM,69999,2,68599,4.6,3062,2,Ahmedabad,2023-08-31,https://www.flipkart.com/search?q=iPhone+11+Pro
100144,Apple,iPhone 11,4 GB,MOBFB97SM2Q,39999,18,32799,4.4,1786,3,Delhi,2024-06-08,https://www.flipkart.com/search?q=iPhone+11
100145,Apple,iPhone 14 Plus,4 GB,MOBA8VAIS0O,74999,0,74999,4.7,3635,3,Delhi,2024-01-12,https://www.flipkart.com/search?q=iPhone+14+Plus
100146,Apple,iPhone 12,8 GB,MOB66USY1SN,49999,12,43999,4.7,2548,2,Kolkata,2023-03-24,https://www.flipkart.com/search?q=iPhone+12
100147,Apple,iPhone 15 Pro,8 GB,MOB9XW9SM82,134900,18,110618,4,3424,3,Pune,2023-05-23,https://www.flipkart.com/search?q=iPhone+15+Pro
100148,Apple,iPhone 15 Pro,4 GB,MOBQC2MGXCH,134900,9,122759,3.9,3872,3,Jaipur,2023-01-08,https://www.flipkart.com/search?q=iPhone+15+Pro
100149,Apple,iPhone 14 Pro,4 GB,MOBQCBT61XN,119999,14,103199,4.5,4641,5,Kolkata,2024-05-19,https://www.flipkart.com/search?q=iPhone+14+Pro
100150,Apple,iPhone 13,8 GB,MOB5OJHE4G6,59999,13,52199,4.1,3962,4,Lucknow,2024-07-05,https://www.flipkart.com/search?q=iPhone+13
100151,Apple,iPhone 15,4 GB,MOB83LSA0SA,79999,10,71999,4.1,4464,2,Ahmedabad,2024-07-16,https://www.flipkart.com/search?q=iPhone+15
100152,Apple,iPhone 13 Pro,8 GB,MOBRMVD75A1,89999,9,81899,4.2,2880,4,Delhi,2023-11-28,https://www.flipkart.com/search?q=iPhone+13+Pro
100153,Apple,iPhone 12 Mini,6 GB,MOBQI0Y6EVT,45999,4,44159,4.9,3805,1,Kolkata,2023-05-25,https://www.flipkart.com/search?q=iPhone+12+Mini
100154,Apple,iPhone 11 Pro Max,6 GB,MOBG6Y8B3II,74999,12,65999,4.8,4890,5,Pune,2024-11-18,https://www.flipkart.com/search?q=iPhone+11+Pro+Max
100155,Apple,iPhone 13,8 GB,MOBD67ZQGPT,59999,5,56999,4.3,2440,2,Jaipur,2023-02-28,https://www.flipkart.com/search?q=iPhone+13
100156,Apple,iPhone 12,8 GB,MOBJLDZN8U3,49999,7,46499,4.4,917,2,Bangalore,2024-06-28,https://www.flipkart.com/search?q=iPhone+12
100157,Apple,iPhone 15 Pro,6 GB,MOB6UO8JIGO,134900,2,132202,4.7,1521,1,Delhi,2024-11-29,https://www.flipkart.com/search?q=iPhone+15+Pro
100158,Apple,iPhone 12,6 GB,MOB37BEQSK6,49999,4,47999,4.7,2105,4,Mumbai,2023-06-08,https://www.flipkart.com/search?q=iPhone+12
100159,Apple,iPhone 13 Pro Max,4 GB,MOB3IX7T7HF,94999,14,81699,4.8,3126,4,Mumbai,2024-12-06,https://www.flipkart.com/search?q=iPhone+13+Pro+Max
100160,Apple,iPhone 11,8 GB,MOB00J3C45W,39999,12,35199,4.3,4793,1,Lucknow,2023-02-21,https://www.flipkart.com/search?q=iPhone+11
100161,Apple,iPhone 13 Pro,8 GB,MOB2JRBT2PI,89999,14,77399,4.8,3644,3,Kolkata,2023-03-01,https://www.flipkart.com/search?q=iPhone+13+Pro
100162,Apple,iPhone 12 Pro Max,4 GB,MOBNWVDAKTX,84999,15,72249,3.9,4737,1,Chennai,2024-01-02,https://www.flipkart.com/search?q=iPhone+12+Pro+Max
100163,Apple,iPhone 13,6 GB,MOBWUUKMSWL,59999,11,53399,4.8,2116,3,Bangalore,2023-12-01,https://www.flipkart.com/search?q=iPhone+13
100164,Apple,iPhone 14 Pro,6 GB,MOB2Q8721VN,119999,18,98399,4.3,686,5,Bangalore,2024-06-21,https://www.flipkart.com/search?q=iPhone+14+Pro
100165,Apple,iPhone 11,6 GB,MOB6ZA25FX1,39999,2,39199,4.8,2296,3,Chennai,2024-07-15,https://www.flipkart.com/search?q=iPhone+11
100166,Apple,iPhone 12 Pro,4 GB,MOBTH685OKF,79999,3,77599,4.4,378,2,Kolkata,2024-07-01,https://www.flipkart.com/search?q=iPhone+12+Pro
100167,Apple,iPhone 13 Pro Max,4 GB,MOBKQRKHCQ6,94999,14,81699,3.8,1915,5,Mumbai,2024-07-18,https://www.flipkart.com/search?q=iPhone+13+Pro+Max
100168,Apple,iPhone 14,8 GB,MOBSXS6CJMJ,69999,9,63699,4.3,2781,2,Lucknow,2023-03-04,https://www.flipkart.com/search?q=iPhone+14
100169,Apple,iPhone 15 Pro Max,4 GB,MOBCPBSKG0V,159900,17,132717,4.3,3764,4,Jaipur,2024-07-04,https://www.flipkart.com/search?q=iPhone+15+Pro+Max
100170,Apple,iPhone 11 Pro,4 GB,MOBN11SVR68,69999,14,60199,4.3,746,1,Mumbai,2023-02-11,https://www.flipkart.com/search?q=iPhone+11+Pro
100171,Apple,iPhone 11 Pro,4 GB,MOBH9DVW0O9,69999,5,66499,4.5,773,4,Jaipur,2024-01-16,https://www.flipkart.com/search?q=iPhone+11+Pro
100172,Apple,iPhone 13 Mini,6 GB,MOBSEJRWNRC,54999,18,45099,4.3,249,1,Bangalore,2023-01-28,https://www.flipkart.com/search?q=iPhone+13+Mini
100173,Apple,iPhone 14 Plus,8 GB,MOBTP6KZGHN,74999,5,71249,4,4493,1,Hyderabad,2023-07-04,https://www.flipkart.com/search?q=iPhone+14+Plus
100174,Apple,iPhone 11,4 GB,MOBKB8ACQ5X,39999,14,34399,4.1,2872,2,Mumbai,2023-06-27,https://www.flipkart.com/search?q=iPhone+11
100175,Apple,iPhone 12 Mini,4 GB,MOBUWV3AUW6,45999,16,38639,4,3656,4,Pune,2023-10-09,https://www.flipkart.com/search?q=iPhone+12+Mini
100176,Apple,iPhone 12 Pro Max,4 GB,MOBU1PBWAGK,84999,2,83299,3.9,1485,1,Hyderabad,2023-04-08,https://www.flipkart.com/search?q=iPhone+12+Pro+Max
100177,Apple,iPhone 14 Pro,8 GB,MOBJ3UYV2QV,119999,6,112799,4.6,3358,1,Chennai,2024-08-23,https://www.flipkart.com/search?q=iPhone+14+Pro
100178,Apple,iPhone 15 Pro Max,6 GB,MOBOTGO6QPP,159900,11,142311,4.8,726,4,Bangalore,2023-09-17,https://www.flipkart.com/search?q=iPhone+15+Pro+Max
100179,Apple,iPhone 12 Pro Max,8 GB,MOB4AQZHEH2,84999,6,79899,4.1,4931,3,Ahmedabad,2023-11-15,https://www.flipkart.com/search?q=iPhone+12+Pro+Max
100180,Apple,iPhone 12 Mini,4 GB,MOBHAKBNRCO,45999,12,40479,3.9,1434,3,Mumbai,2023-12-30,https://www.flipkart.com/search?q=iPhone+12+Mini
100181,Apple,iPhone 15 Pro Max,8 GB,MOBZ9O15LQS,159900,0,159900,3.8,1236,5,Ahmedabad,2023-09-24,https://www.flipkart.com/search?q=iPhone+15+Pro+Max
100182,Apple,iPhone 11,8 GB,MOB4NOKEIHB,39999,1,39599,4.3,4547,5,Chennai,2023-05-23,https://www.flipkart.com/search?q=iPhone+11
100183,Apple,iPhone 12 Mini,4 GB,MOBI09LCVD8,45999,19,37259,4.1,4439,1,Bangalore,2024-01-27,https://www.flipkart.com/search?q=iPhone+12+Mini
100184,Apple,iPhone 14,6 GB,MOBA4HLZ0CT,69999,15,59499,4.2,1580,5,Hyderabad,2024-08-27,https://www.flipkart.com/search?q=iPhone+14
100185,Apple,iPhone 15,8 GB,MOB2PZ8RYP3,79999,12,70399,4.3,1381,2,Pune,2023-08-31,https://www.flipkart.com/search?q=iPhone+15
100186,Apple,iPhone 15 Pro,6 GB,MOBKDRR75LZ,134900,1,133551,4.1,2078,5,Ahmedabad,2023-06-29,https://www.flipkart.com/search?q=iPhone+15+Pro
100187,Apple,iPhone 14,8 GB,MOB0OSSZUNR,69999,3,67899,4.1,3305,2,Bangalore,2024-11-25,https://www.flipkart.com/search?q=iPhone+14
100188,Apple,iPhone 14,8 GB,MOB3Y9DBUBX,69999,16,58799,4.4,1585,4,Jaipur,2023-04-27,https://www.flipkart.com/search?q=iPhone+14
100189,Apple,iPhone 15 Plus,4 GB,MOBQ27BHFUI,89999,14,77399,4.7,661,2,Pune,2024-09-06,https://www.flipkart.com/search?q=iPhone+15+Plus
100190,Apple,iPhone 15,6 GB,MOBAV7Y1YG6,79999,13,69599,4.8,4288,5,Bangalore,2023-12-25,https://www.flipkart.com/search?q=iPhone+15
100191,Apple,iPhone 14,6 GB,MOBBOMZFGHK,69999,16,58799,4,3164,4,Delhi,2023-05-24,https://www.flipkart.com/search?q=iPhone+14
100192,Apple,iPhone 14 Pro,4 GB,MOB532MX5DM,119999,6,112799,4,4280,4,Hyderabad,2024-02-06,https://www.flipkart.com/search?q=iPhone+14+Pro
100193,Apple,iPhone 14,8 GB,MOBBT9Q43VX,69999,17,58099,4.1,1985,5,Pune,2024-01-26,https://www.flipkart.com/search?q=iPhone+14
100194,Apple,iPhone 11,6 GB,MOB8FZJX1ZH,39999,9,36399,4.3,4156,4,Hyderabad,2024-11-06,https://www.flipkart.com/search?q=iPhone+11
100195,Apple,iPhone 13,4 GB,MOBO8GESRMJ,59999,1,59399,4.2,1866,2,Hyderabad,2023-04-05,https://www.flipkart.com/search?q=iPhone+13
100196,Apple,iPhone 11 Pro,8 GB,MOBCQGPVBEL,69999,5,66499,4.2,4608,4,Bangalore,2024-03-13,https://www.flipkart.com/search?q=iPhone+11+Pro
100197,Apple,iPhone 13 Mini,4 GB,MOBWENN3NDQ,54999,2,53899,4.5,2708,2,Pune,2024-08-13,https://www.flipkart.com/search?q=iPhone+13+Mini
100198,Apple,iPhone 13 Mini,4 GB,MOB0TTOEQB6,54999,4,52799,4,498,1,Hyderabad,2024-04-10,https://www.flipkart.com/search?q=iPhone+13+Mini
100199,Apple,iPhone 11 Pro Max,6 GB,MOBLN4BYZ8Y,74999,8,68999,4.5,1288,1,Bangalore,2023-03-23,https://www.flipkart.com/search?q=iPhone+11+Pro+Max
100200,Apple,iPhone 14 Plus,4 GB,MOBN2HUFMNH,74999,8,68999,4.5,662,1,Chennai,2024-07-30,https://www.flipkart.com/search?q=iPhone+14+Plus
100201,Apple,iPhone 13 Mini,4 GB,MOBHKW6V3XV,54999,14,47299,4,2952,4,Delhi,2024-04-07,https://www.flipkart.com/search?q=iPhone+13+Mini
100202,Apple,iPhone 12 Pro,6 GB,MOB9UKB85VN,79999,11,71199,4.6,4972,4,Hyderabad,2024-02-29,https://www.flipkart.com/search?q=iPhone+12+Pro
100203,Apple,iPhone 14 Pro,6 GB,MOBQE0OAXCO,119999,13,104399,4.8,1051,4,Kolkata,2024-06-30,https://www.flipkart.com/search?q=iPhone+14+Pro
100204,Apple,iPhone 14,4 GB,MOBMREE420V,69999,1,69299,3.8,4066,1,Mumbai,2024-08-03,https://www.flipkart.com/search?q=iPhone+14
100205,Apple,iPhone 14 Pro,8 GB,MOB1O5B1B9R,119999,6,112799,4.4,1237,3,Jaipur,2024-08-08,https://www.flipkart.com/search?q=iPhone+14+Pro
100206,Apple,iPhone 13 Mini,8 GB,MOB4ED60RP0,54999,8,50599,4.4,3915,3,Hyderabad,2024-05-02,https://www.flipkart.com/search?q=iPhone+13+Mini
100207,Apple,iPhone 12 Mini,8 GB,MOBE265KYDR,45999,5,43699,4,2923,4,Jaipur,2024-12-12,https://www.flipkart.com/search?q=iPhone+12+Mini
100208,Apple,iPhone 14 Pro Max,8 GB,MOBK4YWM96N,129999,17,107899,4.4,1157,5,Ahmedabad,2024-02-19,https://www.flipkart.com/search?q=iPhone+14+Pro+Max
100209,Apple,iPhone 15 Pro,4 GB,MOBZ24RDV80,134900,8,124108,4.9,2045,4,Delhi,2023-01-21,https://www.flipkart.com/search?q=iPhone+15+Pro
100210,Apple,iPhone 14,4 GB,MOB06CQCD3V,69999,13,60899,4.4,2089,2,Lucknow,2023-10-24,https://www.flipkart.com/search?q=iPhone+14
100211,Apple,iPhone 12 Mini,6 GB,MOB0Y77AXNV,45999,7,42779,4.7,3746,3,Bangalore,2024-09-01,https://www.flipkart.com/search?q=iPhone+12+Mini
100212,Apple,iPhone 13 Pro Max,6 GB,MOBPDYUNYB7,94999,4,91199,4.3,1824,3,Jaipur,2023-07-04,https://www.flipkart.com/search?q=iPhone+13+Pro+Max
100213,Apple,iPhone 11,4 GB,MOBC3OB24ZN,39999,14,34399,4.2,4468,1,Kolkata,2024-02-14,https://www.flipkart.com/search?q=iPhone+11
100214,Apple,iPhone 13 Mini,6 GB,MOBQOFDZ4F1,54999,6,51699,4.4,2037,1,Pune,2024-04-15,https://www.flipkart.com/search?q=iPhone+13+Mini
100215,Apple,iPhone 11,6 GB,MOBWJ1NXSSR,39999,19,32399,4.7,2399,1,Kolkata,2023-01-05,https://www.flipkart.com/search?q=iPhone+11
100216,Apple,iPhone 13 Mini,4 GB,MOBI4ZPEW9G,54999,17,45649,4.1,2157,4,Bangalore,2023-01-13,https://www.flipkart.com/search?q=iPhone+13+Mini
100217,Apple,iPhone 12 Pro Max,6 GB,MOBXIOSXT4F,84999,14,73099,4.4,1263,2,Ahmedabad,2023-05-16,https://www.flipkart.com/search?q=iPhone+12+Pro+Max
100218,Apple,iPhone 11,6 GB,MOBCZH09I65,39999,9,36399,4.5,368,2,Bangalore,2023-01-21,https://www.flipkart.com/search?q=iPhone+11
100219,Apple,iPhone 11 Pro,4 GB,MOBJ50J65DV,69999,11,62299,4.4,1550,2,Mumbai,2024-02-16,https://www.flipkart.com/search?q=iPhone+11+Pro
100220,Apple,iPhone 14 Pro,8 GB,MOBSNV3UJ8P,119999,16,100799,4.1,598,1,Bangalore,2023-04-26,https://www.flipkart.com/search?q=iPhone+14+Pro
100221,Apple,iPhone 14 Pro Max,8 GB,MOB28Q8FWNK,129999,16,109199,3.8,1520,5,Mumbai,2023-07-31,https://www.flipkart.com/search?q=iPhone+14+Pro+Max
100222,Apple,iPhone 14 Pro Max,8 GB,MOBU9NPO5AJ,129999,0,129999,4.2,3652,3,Bangalore,2023-06-27,https://www.flipkart.com/search?q=iPhone+14+Pro+Max
100223,Apple,iPhone 15 Pro,8 GB,MOBX6HYKD2J,134900,10,121410,4.2,2068,4,Jaipur,2024-12-11,https://www.flipkart.com/search?q=iPhone+15+Pro
100224,Apple,iPhone 13 Pro,6 GB,MOBRW8FMHPW,89999,20,71999,4.8,4547,1,Ahmedabad,2023-09-15,https://www.flipkart.com/search?q=iPhone+13+Pro
100225,Apple,iPhone 11 Pro Max,6 GB,MOBDMQHUAJW,74999,18,61499,4.8,3829,1,Lucknow,2024-06-19,https://www.flipkart.com/search?q=iPhone+11+Pro+Max
100226,Apple,iPhone 15 Plus,4 GB,MOBV5CSG7E1,89999,5,85499,4.5,3773,2,Lucknow,2024-12-13,https://www.flipkart.com/search?q=iPhone+15+Plus
100227,Apple,iPhone 13 Mini,4 GB,MOBYN11W6O8,54999,17,45649,4.7,4908,5,Pune,2024-05-07,https://www.flipkart.com/search?q=iPhone+13+Mini
100228,Apple,iPhone 15,4 GB,MOB8LT2OMQ1,79999,14,68799,4.4,4768,5,Hyderabad,2024-03-04,https://www.flipkart.com/search?q=iPhone+15
100229,Apple,iPhone 12 Pro Max,4 GB,MOB3SNE27WA,84999,1,84149,4.2,313,1,Mumbai,2023-08-24,https://www.flipkart.com/search?q=iPhone+12+Pro+Max
100230,Apple,iPhone 12 Pro Max,6 GB,MOBZME307FN,84999,0,84999,3.8,1559,1,Kolkata,2023-08-18,https://www.flipkart.com/search?q=iPhone+12+Pro+Max
100231,Apple,iPhone 14 Pro,8 GB,MOBZ8FCQDQR,119999,15,101999,4.2,3349,1,Bangalore,2023-10-10,https://www.flipkart.com/search?q=iPhone+14+Pro
100232,Apple,iPhone 11 Pro,6 GB,MOB0G1VN1XC,69999,10,62999,4.2,1102,3,Chennai,2023-07-20,https://www.flipkart.com/search?q=iPhone+11+Pro
100233,Apple,iPhone 15 Plus,4 GB,MOB3LCR1Y61,89999,14,77399,4.6,1529,3,Lucknow,2024-10-02,https://www.flipkart.com/search?q=iPhone+15+Plus
100234,Apple,iPhone 14 Pro,4 GB,MOBCDESN6D9,119999,15,101999,3.9,471,5,Hyderabad,2024-01-14,https://www.flipkart.com/search?q=iPhone+14+Pro
100235,Apple,iPhone 13 Pro,6 GB,MOB8A0HNV0O,89999,18,73799,4.5,4607,3,Mumbai,2024-04-28,https://www.flipkart.com/search?q=iPhone+13+Pro
100236,Apple,iPhone 12 Pro Max,4 GB,MOB0ACI7HWA,84999,11,75649,3.9,2691,3,Pune,2024-08-12,https://www.flipkart.com/search?q=iPhone+12+Pro+Max
100237,Apple,iPhone 14 Plus,4 GB,MOBX0OLR44F,74999,11,66749,4.4,839,1,Hyderabad,2024-01-16,https://www.flipkart.com/search?q=iPhone+14+Plus
100238,Apple,iPhone 15 Pro,8 GB,MOBTK6N0GZ3,134900,1,133551,4.1,2857,1,Chennai,2023-12-16,https://www.flipkart.com/search?q=iPhone+15+Pro
100239,Apple,iPhone 15 Pro Max,4 GB,MOBU2X37OE3,159900,1,158301,4.4,3945,3,Mumbai,2023-10-01,https://www.flipkart.com/search?q=iPhone+15+Pro+Max
100240,Apple,iPhone 14,4 GB,MOB1WOIM36R,69999,15,59499,4.7,3667,2,Delhi,2024-06-20,https://www.flipkart.com/search?q=iPhone+14
100241,Apple,iPhone 15 Pro Max,4 GB,MOB0HSHQDG0,159900,7,148707,3.9,2470,2,Mumbai,2023-02-14,https://www.flipkart.com/search?q=iPhone+15+Pro+Max
100242,Apple,iPhone 14 Pro Max,6 GB,MOBOQDREDH5,129999,13,113099,4.1,1301,5,Ahmedabad,2023-12-01,https://www.flipkart.com/search?q=iPhone+14+Pro+Max
100243,Apple,iPhone 14 Pro,4 GB,MOB2VG5OBXB,119999,19,97199,4,2384,2,Lucknow,2024-04-16,https://www.flipkart.com/search?q=iPhone+14+Pro
100244,Apple,iPhone 11 Pro Max,4 GB,MOBQBKYQNPV,74999,13,65249,4,704,5,Ahmedabad,2024-03-30,https://www.flipkart.com/search?q=iPhone+11+Pro+Max
100245,Apple,iPhone 11,4 GB,MOB4JELLOME,39999,5,37999,4,638,4,Chennai,2023-01-31,https://www.flipkart.com/search?q=iPhone+11
100246,Apple,iPhone 13,6 GB,MOB0RROMYCU,59999,17,49799,4.1,3739,5,Chennai,2023-06-10,https://www.flipkart.com/search?q=iPhone+13
100247,Apple,iPhone 13 Mini,8 GB,MOBALGKBMYB,54999,0,54999,4.9,4380,3,Chennai,2023-03-24,https://www.flipkart.com/search?q=iPhone+13+Mini
100248,Apple,iPhone 14 Plus,4 GB,MOB6A3I3B75,74999,20,59999,4.7,1410,5,Mumbai,2024-02-07,https://www.flipkart.com/search?q=iPhone+14+Plus
100249,Apple,iPhone 13,8 GB,MOBVOTLHCM0,59999,1,59399,4.4,4838,2,Chennai,2023-05-04,https://www.flipkart.com/search?q=iPhone+13
100250,Apple,iPhone 12 Pro,6 GB,MOB35V02JDS,79999,7,74399,4.5,617,5,Kolkata,2023-08-24,https://www.flipkart.com/search?q=iPhone+12+Pro
100251,Apple,iPhone 13 Pro,4 GB,MOB7RX8P2SW,89999,16,75599,4.2,2139,5,Ahmedabad,2023-05-12,https://www.flipkart.com/search?q=iPhone+13+Pro
100252,Apple,iPhone 13 Pro,8 GB,MOB9F0LXU0I,89999,10,80999,4,1278,4,Jaipur,2024-11-07,https://www.flipkart.com/search?q=iPhone+13+Pro
100253,Apple,iPhone 11,8 GB,MOBH7V1QD2O,39999,2,39199,4.1,1303,3,Jaipur,2024-07-31,https://www.flipkart.com/search?q=iPhone+11
100254,Apple,iPhone 15 Pro Max,8 GB,MOBQRLIUEOM,159900,6,150306,4,2466,2,Ahmedabad,2023-02-03,https://www.flipkart.com/search?q=iPhone+15+Pro+Max
100255,Apple,iPhone 15,6 GB,MOBTE3WKTQB,79999,14,68799,4.2,2109,2,Ahmedabad,2024-08-24,https://www.flipkart.com/search?q=iPhone+15
100256,Apple,iPhone 14,6 GB,MOBB0M8AA5T,69999,9,63699,4.6,4817,4,Ahmedabad,2024-06-22,https://www.flipkart.com/search?q=iPhone+14
100257,Apple,iPhone 13 Mini,8 GB,MOBRK0K12UO,54999,5,52249,4.1,3929,4,Mumbai,2023-03-03,https://www.flipkart.com/search?q=iPhone+13+Mini
100258,Apple,iPhone 15 Pro Max,8 GB,MOBPE4O3RMS,159900,11,142311,4.9,4687,5,Delhi,2024-07-20,https://www.flipkart.com/search?q=iPhone+15+Pro+Max
100259,Apple,iPhone 14 Pro Max,4 GB,MOBMIH5QQZK,129999,7,120899,4.2,777,1,Ahmedabad,2024-10-21,https://www.flipkart.com/search?q=iPhone+14+Pro+Max
100260,Apple,iPhone 12 Pro Max,8 GB,MOB4P6ZFJUZ,84999,10,76499,3.9,2816,4,Delhi,2024-09-29,https://www.flipkart.com/search?q=iPhone+12+Pro+Max
100261,Apple,iPhone 12 Mini,4 GB,MOBHT7GCPAM,45999,11,40939,3.9,2337,2,Hyderabad,2024-12-26,https://www.flipkart.com/search?q=iPhone+12+Mini
100262,Apple,iPhone 12 Pro Max,4 GB,MOBJ83SADYC,84999,10,76499,3.9,4116,1,Lucknow,2024-02-03,https://www.flipkart.com/search?q=iPhone+12+Pro+Max
100263,Apple,iPhone 11,6 GB,MOBBKYXJSU7,39999,9,36399,3.8,2633,5,Jaipur,2023-05-11,https://www.flipkart.com/search?q=iPhone+11
100264,Apple,iPhone 15 Pro Max,4 GB,MOBJ2KURWXD,159900,3,155103,4.2,4164,2,Delhi,2023-07-21,https://www.flipkart.com/search?q=iPhone+15+Pro+Max
100265,Apple,iPhone 11 Pro Max,8 GB,MOBMZDSY3E9,74999,11,66749,3.8,1474,1,Jaipur,2023-02-05,https://www.flipkart.com/search?q=iPhone+11+Pro+Max
100266,Apple,iPhone 14 Pro Max,8 GB,MOBX4C7HFEW,129999,13,113099,4.1,4770,4,Delhi,2024-02-17,https://www.flipkart.com/search?q=iPhone+14+Pro+Max
100267,Apple,iPhone 13 Pro Max,4 GB,MOBZEU16SK4,94999,9,86449,4.7,1387,4,Ahmedabad,2024-06-08,https://www.flipkart.com/search?q=iPhone+13+Pro+Max
100268,Apple,iPhone 13 Pro,4 GB,MOBRXI299KY,89999,17,74699,4,1179,2,Jaipur,2024-05-03,https://www.flipkart.com/search?q=iPhone+13+Pro
100269,Apple,iPhone 14 Plus,8 GB,MOBW34VOMU8,74999,2,73499,4.8,3720,4,Hyderabad,2024-10-22,https://www.flipkart.com/search?q=iPhone+14+Plus
100270,Apple,iPhone 12,8 GB,MOBBWCPDZIK,49999,11,44499,4.7,405,5,Hyderabad,2024-05-06,https://www.flipkart.com/search?q=iPhone+12
100271,Apple,iPhone 13 Pro,8 GB,MOBQUBD58DD,89999,13,78299,4,418,2,Mumbai,2024-05-10,https://www.flipkart.com/search?q=iPhone+13+Pro
100272,Apple,iPhone 11 Pro,4 GB,MOBUCXU5C2U,69999,17,58099,4.2,318,4,Pune,2023-12-03,https://www.flipkart.com/search?q=iPhone+11+Pro
100273,Apple,iPhone 12 Pro Max,8 GB,MOBD350JSX9,84999,18,69699,4,4056,1,Kolkata,2023-02-10,https://www.flipkart.com/search?q=iPhone+12+Pro+Max
100274,Apple,iPhone 14 Pro,4 GB,MOB5D920LPA,119999,4,115199,4,1408,1,Kolkata,2023-09-03,https://www.flipkart.com/search?q=iPhone+14+Pro
100275,Apple,iPhone 14,6 GB,MOB8N4XFIL0,69999,9,63699,3.9,4880,2,Bangalore,2024-02-05,https://www.flipkart.com/search?q=iPhone+14
100276,Apple,iPhone 15 Pro,8 GB,MOBZ9MQ8W98,134900,18,110618,4,266,2,Hyderabad,2023-10-11,https://www.flipkart.com/search?q=iPhone+15+Pro
100277,Apple,iPhone 15,8 GB,MOBFFKAEFQP,79999,11,71199,3.9,384,4,Jaipur,2023-03-12,https://www.flipkart.com/search?q=iPhone+15
100278,Apple,iPhone 12 Pro Max,8 GB,MOBTRR2FE6U,84999,3,82449,4.8,2576,5,Mumbai,2023-11-28,https://www.flipkart.com/search?q=iPhone+12+Pro+Max
100279,Apple,iPhone 12 Mini,6 GB,MOBPDCOPAPK,45999,2,45079,4,1303,1,Lucknow,2024-08-12,https://www.flipkart.com/search?q=iPhone+12+Mini
100280,Apple,iPhone 14 Plus,6 GB,MOBZ3UD8ZPJ,74999,8,68999,4.5,2743,5,Bangalore,2023-09-04,https://www.flipkart.com/search?q=iPhone+14+Plus
100281,Apple,iPhone 11,8 GB,MOBS3G5JE9Z,39999,17,33199,4.3,4977,1,Bangalore,2023-09-18,https://www.flipkart.com/search?q=iPhone+11
100282,Apple,iPhone 15 Pro Max,6 GB,MOBDVU09SNU,159900,5,151905,4.3,3707,1,Hyderabad,2024-01-19,https://www.flipkart.com/search?q=iPhone+15+Pro+Max
100283,Apple,iPhone 15 Plus,4 GB,MOBB4HW0Q69,89999,17,74699,4.6,4736,1,Delhi,2023-11-11,https://www.flipkart.com/search?q=iPhone+15+Plus
100284,Apple,iPhone 12 Pro Max,4 GB,MOBWDLU2KQ9,84999,9,77349,4.2,1236,1,Jaipur,2023-07-29,https://www.flipkart.com/search?q=iPhone+12+Pro+Max
100285,Apple,iPhone 11,4 GB,MOB1YCGHVV2,39999,4,38399,4.9,3438,5,Lucknow,2023-07-22,https://www.flipkart.com/search?q=iPhone+11
100286,Apple,iPhone 11,6 GB,MOB5FMDZNAA,39999,14,34399,4.1,2081,1,Delhi,2024-09-29,https://www.flipkart.com/search?q=iPhone+11
100287,Apple,iPhone 14,4 GB,MOBAGQQVE8C,69999,13,60899,4,261,3,Chennai,2024-06-20,https://www.flipkart.com/search?q=iPhone+14
100288,Apple,iPhone 15 Pro Max,6 GB,MOBNNSJN31I,159900,2,156702,4.1,378,4,Ahmedabad,2023-03-12,https://www.flipkart.com/search?q=iPhone+15+Pro+Max
100289,Apple,iPhone 12 Pro,4 GB,MOBCFUQAMZE,79999,5,75999,4.8,1543,1,Pune,2024-01-09,https://www.flipkart.com/search?q=iPhone+12+Pro
100290,Apple,iPhone 14 Plus,8 GB,MOBKR18HDBE,74999,16,62999,4.8,3302,3,Hyderabad,2023-12-27,https://www.flipkart.com/search?q=iPhone+14+Plus
100291,Apple,iPhone 12,8 GB,MOBI7TVUPZD,49999,6,46999,4.8,2522,4,Mumbai,2023-12-18,https://www.flipkart.com/search?q=iPhone+12
100292,Apple,iPhone 12 Mini,6 GB,MOB2S58HREZ,45999,2,45079,4.2,2721,2,Bangalore,2023-09-21,https://www.flipkart.com/search?q=iPhone+12+Mini
100293,Apple,iPhone 14 Pro,6 GB,MOBR2LLJ6VA,119999,4,115199,4.3,832,1,Jaipur,2023-08-19,https://www.flipkart.com/search?q=iPhone+14+Pro
100294,Apple,iPhone 15,4 GB,MOBF8WC1TFM,79999,17,66399,4.3,487,3,Ahmedabad,2023-07-15,https://www.flipkart.com/search?q=iPhone+15
100295,Apple,iPhone 11 Pro Max,4 GB,MOB2ORAPKE1,74999,3,72749,4.4,2484,2,Jaipur,2023-05-06,https://www.flipkart.com/search?q=iPhone+11+Pro+Max
100296,Apple,iPhone 13 Pro,8 GB,MOB0DM79QF7,89999,8,82799,4.1,2860,4,Lucknow,2023-01-13,https://www.flipkart.com/search?q=iPhone+13+Pro
100297,Apple,iPhone 13 Mini,8 GB,MOBU4JO42DH,54999,3,53349,4.7,935,1,Pune,2023-03-30,https://www.flipkart.com/search?q=iPhone+13+Mini
100298,Apple,iPhone 12 Pro,4 GB,MOB1G03UKO7,79999,12,70399,4.3,2664,3,Ahmedabad,2024-10-10,https://www.flipkart.com/search?q=iPhone+12+Pro
100299,Apple,iPhone 12,8 GB,MOB4O0HIANJ,49999,10,44999,4,4802,1,Chennai,2023-02-07,https://www.flipkart.com/search?q=iPhone+12
100300,Apple,iPhone 14 Pro Max,8 GB,MOBXS11LZEZ,129999,12,114399,4.5,285,5,Lucknow,2023-03-05,https://www.flipkart.com/search?q=iPhone+14+Pro+Max
100301,Apple,iPhone 15 Pro,4 GB,MOBQZIS0DO2,134900,3,130853,4.8,4784,5,Mumbai,2023-01-02,https://www.flipkart.com/search?q=iPhone+15+Pro
100302,Apple,iPhone 13 Mini,8 GB,MOBW5U3L84Z,54999,10,49499,4.4,419,5,Hyderabad,2024-12-17,https://www.flipkart.com/search?q=iPhone+13+Mini
100303,Apple,iPhone 11 Pro Max,4 GB,MOB99TEV7HE,74999,19,60749,3.9,2016,1,Ahmedabad,2023-09-04,https://www.flipkart.com/search?q=iPhone+11+Pro+Max
100304,Apple,iPhone 13,8 GB,MOB63505D32,59999,11,53399,4.2,3542,1,Jaipur,2024-03-31,https://www.flipkart.com/search?q=iPhone+13
100305,Apple,iPhone 12 Pro,8 GB,MOBSULTJ7LR,79999,19,64799,4.7,612,1,Kolkata,2024-11-03,https://www.flipkart.com/search?q=iPhone+12+Pro
100306,Apple,iPhone 12 Pro Max,8 GB,MOB7ZLGDR10,84999,17,70549,4.5,346,2,Jaipur,2023-09-25,https://www.flipkart.com/search?q=iPhone+12+Pro+Max
100307,Apple,iPhone 12 Pro,8 GB,MOBV8I6FW71,79999,6,75199,4.3,3634,1,Jaipur,2024-02-09,https://www.flipkart.com/search?q=iPhone+12+Pro
100308,Apple,iPhone 15 Pro,8 GB,MOBFUFDO4WM,134900,19,109269,4.9,2387,3,Hyderabad,2024-02-25,https://www.flipkart.com/search?q=iPhone+15+Pro
100309,Apple,iPhone 15 Pro Max,4 GB,MOBLUH0YS9U,159900,16,134316,4.4,3154,4,Ahmedabad,2024-12-01,https://www.flipkart.com/search?q=iPhone+15+Pro+Max
100310,Apple,iPhone 13,8 GB,MOBF847HNNC,59999,13,52199,3.8,4564,2,Jaipur,2024-08-20,https://www.flipkart.com/search?q=iPhone+13
100311,Apple,iPhone 14,8 GB,MOB59A1ZWL6,69999,14,60199,4.6,658,1,Bangalore,2024-08-05,https://www.flipkart.com/search?q=iPhone+14
100312,Apple,iPhone 11,8 GB,MOBX4FK7AON,39999,9,36399,4.1,4574,1,Pune,2024-12-12,https://www.flipkart.com/search?q=iPhone+11
100313,Apple,iPhone 14 Pro,8 GB,MOBXDUWWE4T,119999,13,104399,4.7,2621,1,Chennai,2023-04-15,https://www.flipkart.com/search?q=iPhone+14+Pro
100314,Apple,iPhone 15 Pro,8 GB,MOBS5ATECST,134900,3,130853,4,698,4,Mumbai,2023-08-16,https://www.flipkart.com/search?q=iPhone+15+Pro
100315,Apple,iPhone 12 Pro Max,8 GB,MOBJOBZWHBB,84999,7,79049,4.8,1220,1,Jaipur,2023-08-22,https://www.flipkart.com/search?q=iPhone+12+Pro+Max
100316,Apple,iPhone 13 Mini,8 GB,MOB8GH4DAQZ,54999,11,48949,4.3,4406,3,Bangalore,2024-12-09,https://www.flipkart.com/search?q=iPhone+13+Mini
100317,Apple,iPhone 12 Mini,4 GB,MOBWB3P90NO,45999,7,42779,4.4,4727,5,Jaipur,2023-01-05,https://www.flipkart.com/search?q=iPhone+12+Mini
100318,Apple,iPhone 11 Pro Max,8 GB,MOBNEJR98P4,74999,10,67499,4,3035,4,Delhi,2024-02-19,https://www.flipkart.com/search?q=iPhone+11+Pro+Max
100319,Apple,iPhone 13 Pro,6 GB,MOB9PYVKOS6,89999,0,89999,4.5,4151,3,Lucknow,2023-05-30,https://www.flipkart.com/search?q=iPhone+13+Pro
100320,Apple,iPhone 13,8 GB,MOBFFVIWA3M,59999,13,52199,4.2,3101,5,Pune,2024-08-29,https://www.flipkart.com/search?q=iPhone+13
100321,Apple,iPhone 13,8 GB,MOB0UGCOZ6J,59999,4,57599,4.7,2840,3,Hyderabad,2024-11-03,https://www.flipkart.com/search?q=iPhone+13
100322,Apple,iPhone 15 Pro,6 GB,MOBNOW38JN0,134900,17,111967,4.2,2880,4,Lucknow,2024-06-10,https://www.flipkart.com/search?q=iPhone+15+Pro
100323,Apple,iPhone 12,6 GB,MOB0T3I71TS,49999,10,44999,4.7,4193,4,Hyderabad,2023-05-16,https://www.flipkart.com/search?q=iPhone+12
100324,Apple,iPhone 12 Pro Max,8 GB,MOB7XLF1B55,84999,20,67999,4.8,2308,1,Hyderabad,2024-10-04,https://www.flipkart.com/search?q=iPhone+12+Pro+Max
100325,Apple,iPhone 11 Pro Max,8 GB,MOBFP42L8FZ,74999,19,60749,4.8,453,4,Chennai,2024-02-12,https://www.flipkart.com/search?q=iPhone+11+Pro+Max
100326,Apple,iPhone 11 Pro Max,6 GB,MOBK6MFPLM2,74999,11,66749,4.3,785,3,Chennai,2024-11-30,https://www.flipkart.com/search?q=iPhone+11+Pro+Max
100327,Apple,iPhone 12 Mini,4 GB,MOBWN8VXIWN,45999,13,40019,4.2,3662,1,Kolkata,2023-11-13,https://www.flipkart.com/search?q=iPhone+12+Mini
100328,Apple,iPhone 15 Pro Max,4 GB,MOBH29HM636,159900,14,137514,4.5,3538,1,Chennai,2023-07-05,https://www.flipkart.com/search?q=iPhone+15+Pro+Max
100329,Apple,iPhone 14 Pro Max,4 GB,MOBYYJAUUPG,129999,1,128699,4.7,3420,4,Hyderabad,2024-03-27,https://www.flipkart.com/search?q=iPhone+14+Pro+Max
100330,Apple,iPhone 14 Pro,4 GB,MOBB4TZ78H9,119999,3,116399,4.8,783,3,Ahmedabad,2024-10-10,https://www.flipkart.com/search?q=iPhone+14+Pro
100331,Apple,iPhone 14 Pro,8 GB,MOBFX64LSF7,119999,16,100799,4.2,3533,2,Ahmedabad,2024-03-29,https://www.flipkart.com/search?q=iPhone+14+Pro
100332,Apple,iPhone 15,8 GB,MOBTV70GYI9,79999,7,74399,4.4,3149,4,Kolkata,2024-03-16,https://www.flipkart.com/search?q=iPhone+15
100333,Apple,iPhone 15 Pro Max,8 GB,MOBMJ6L3OHT,159900,18,131118,3.9,2026,1,Hyderabad,2023-06-01,https://www.flipkart.com/search?q=iPhone+15+Pro+Max
100334,Apple,iPhone 14 Pro,6 GB,MOB98FPDGN1,119999,19,97199,4.9,204,2,Hyderabad,2024-05-20,https://www.flipkart.com/search?q=iPhone+14+Pro
100335,Apple,iPhone 15 Pro Max,8 GB,MOBMND66ZZP,159900,0,159900,4.8,428,3,Lucknow,2024-10-13,https://www.flipkart.com/search?q=iPhone+15+Pro+Max
100336,Apple,iPhone 11 Pro,4 GB,MOBHGGK7PO5,69999,2,68599,4.7,753,1,Jaipur,2023-08-17,https://www.flipkart.com/search?q=iPhone+11+Pro
100337,Apple,iPhone 14 Plus,6 GB,MOBGO1KHNEM,74999,12,65999,3.9,2074,1,Jaipur,2024-07-30,https://www.flipkart.com/search?q=iPhone+14+Plus
100338,Apple,iPhone 15 Plus,6 GB,MOBFQRD9IG8,89999,14,77399,3.9,2166,1,Jaipur,2023-01-06,https://www.flipkart.com/search?q=iPhone+15+Plus
100339,Apple,iPhone 12 Pro Max,8 GB,MOB64NC1MZD,84999,20,67999,3.9,2280,1,Bangalore,2023-12-05,https://www.flipkart.com/search?q=iPhone+12+Pro+Max
100340,Apple,iPhone 14,4 GB,MOB3EZBEI69,69999,4,67199,4.7,1196,1,Mumbai,2023-04-18,https://www.flipkart.com/search?q=iPhone+14
100341,Apple,iPhone 12,6 GB,MOBTH2C790N,49999,9,45499,4.1,1149,3,Ahmedabad,2024-03-08,https://www.flipkart.com/search?q=iPhone+12
100342,Apple,iPhone 12 Pro,6 GB,MOBHPF6MEWM,79999,5,75999,4.4,1307,3,Bangalore,2023-03-25,https://www.flipkart.com/search?q=iPhone+12+Pro
100343,Apple,iPhone 11 Pro Max,6 GB,MOB2ZAMYG1P,74999,19,60749,4.8,2366,1,Jaipur,2024-12-16,https://www.flipkart.com/search?q=iPhone+11+Pro+Max
100344,Apple,iPhone 15 Pro Max,6 GB,MOB6XWX0EFP,159900,12,140712,4,3041,2,Pune,2023-01-19,https://www.flipkart.com/search?q=iPhone+15+Pro+Max
100345,Apple,iPhone 15 Plus,6 GB,MOBMK5D6HSC,89999,11,80099,4.8,4626,3,Chennai,2024-01-17,https://www.flipkart.com/search?q=iPhone+15+Plus
100346,Apple,iPhone 13 Pro,4 GB,MOBCMUUAW9U,89999,7,83699,4.7,1765,5,Kolkata,2024-04-13,https://www.flipkart.com/search?q=iPhone+13+Pro
100347,Apple,iPhone 15,8 GB,MOBQ33ZPDMH,79999,7,74399,4.7,1572,4,Lucknow,2023-03-04,https://www.flipkart.com/search?q=iPhone+15
100348,Apple,iPhone 13 Mini,4 GB,MOBYJTNR1VV,54999,4,52799,4.2,579,4,Delhi,2023-04-17,https://www.flipkart.com/search?q=iPhone+13+Mini
100349,Apple,iPhone 15 Plus,4 GB,MOB591MERLU,89999,17,74699,4.9,1165,2,Jaipur,2024-03-29,https://www.flipkart.com/search?q=iPhone+15+Plus
100350,Apple,iPhone 15 Plus,4 GB,MOBWWDVU6N6,89999,10,80999,4.8,814,3,Chennai,2024-04-16,https://www.flipkart.com/search?q=iPhone+15+Plus
100351,Apple,iPhone 14 Plus,8 GB,MOB6GE9Y4EV,74999,6,70499,4.3,3373,3,Delhi,2023-09-05,https://www.flipkart.com/search?q=iPhone+14+Plus
100352,Apple,iPhone 11 Pro Max,8 GB,MOBXDLDFAEP,74999,9,68249,4,2395,3,Mumbai,2024-08-03,https://www.flipkart.com/search?q=iPhone+11+Pro+Max
100353,Apple,iPhone 12,6 GB,MOBGC5F35EE,49999,20,39999,3.8,3417,1,Hyderabad,2023-09-17,https://www.flipkart.com/search?q=iPhone+12
100354,Apple,iPhone 14 Pro,6 GB,MOBQ55ZFJFA,119999,2,117599,3.8,3337,3,Hyderabad,2024-01-19,https://www.flipkart.com/search?q=iPhone+14+Pro
100355,Apple,iPhone 14,4 GB,MOBG579NF0B,69999,11,62299,4.7,1120,1,Kolkata,2023-03-26,https://www.flipkart.com/search?q=iPhone+14
100356,Apple,iPhone 15 Pro Max,6 GB,MOB5S625K7L,159900,20,127920,4.4,1837,3,Hyderabad,2023-07-24,https://www.flipkart.com/search?q=iPhone+15+Pro+Max
100357,Apple,iPhone 15,4 GB,MOB76HL3483,79999,17,66399,4.7,2370,1,Mumbai,2023-02-09,https://www.flipkart.com/search?q=iPhone+15
100358,Apple,iPhone 12,6 GB,MOBACFLFTHU,49999,11,44499,4.7,2537,1,Jaipur,2024-11-04,https://www.flipkart.com/search?q=iPhone+12
100359,Apple,iPhone 13 Pro,6 GB,MOB5WGCAPIF,89999,12,79199,4.8,4901,1,Mumbai,2024-12-04,https://www.flipkart.com/search?q=iPhone+13+Pro
100360,Apple,iPhone 13 Mini,8 GB,MOBGX66SYQV,54999,1,54449,3.9,1103,3,Chennai,2023-01-01,https://www.flipkart.com/search?q=iPhone+13+Mini
100361,Apple,iPhone 14,6 GB,MOBXKCG3HMA,69999,6,65799,4.2,371,3,Chennai,2023-06-10,https://www.flipkart.com/search?q=iPhone+14
100362,Apple,iPhone 14 Plus,8 GB,MOB0W8CW8D7,74999,10,67499,4.7,2732,5,Mumbai,2023-10-21,https://www.flipkart.com/search?q=iPhone+14+Plus
100363,Apple,iPhone 11 Pro,6 GB,MOB1CNXLZLX,69999,15,59499,4.2,3501,4,Hyderabad,2023-01-05,https://www.flipkart.com/search?q=iPhone+11+Pro
100364,Apple,iPhone 12 Pro Max,4 GB,MOBY5CFLOLB,84999,12,74799,4.5,3184,5,Chennai,2024-06-07,https://www.flipkart.com/search?q=iPhone+12+Pro+Max
100365,Apple,iPhone 12 Pro Max,6 GB,MOBGSBORVOV,84999,8,78199,4.7,3437,4,Jaipur,2024-09-05,https://www.flipkart.com/search?q=iPhone+12+Pro+Max
100366,Apple,iPhone 15 Pro Max,4 GB,MOB9VPHBV4N,159900,0,159900,3.9,1717,2,Kolkata,2023-10-20,https://www.flipkart.com/search?q=iPhone+15+Pro+Max
100367,Apple,iPhone 12 Pro,8 GB,MOBQYNT49IO,79999,1,79199,4,1174,2,Jaipur,2024-10-28,https://www.flipkart.com/search?q=iPhone+12+Pro
100368,Apple,iPhone 13 Pro,6 GB,MOBPWCBHL4N,89999,11,80099,4.7,399,2,Bangalore,2023-04-27,https://www.flipkart.com/search?q=iPhone+13+Pro
100369,Apple,iPhone 15,6 GB,MOBZHQ6MV04,79999,18,65599,4.5,128,1,Bangalore,2023-09-16,https://www.flipkart.com/search?q=iPhone+15
100370,Apple,iPhone 12 Pro Max,8 GB,MOBX9FK616I,84999,17,70549,4.8,2121,1,Jaipur,2023-10-07,https://www.flipkart.com/search?q=iPhone+12+Pro+Max
100371,Apple,iPhone 15 Plus,6 GB,MOBVKCV86I5,89999,2,88199,4.5,258,3,Jaipur,2023-12-14,https://www.flipkart.com/search?q=iPhone+15+Plus
100372,Apple,iPhone 13,8 GB,MOBCBGF7F9S,59999,6,56399,3.8,2139,1,Hyderabad,2023-08-01,https://www.flipkart.com/search?q=iPhone+13
100373,Apple,iPhone 13 Mini,6 GB,MOBAHTUHG0U,54999,2,53899,4.7,4874,2,Hyderabad,2024-10-26,https://www.flipkart.com/search?q=iPhone+13+Mini
100374,Apple,iPhone 11 Pro,4 GB,MOB2G5Q9J95,69999,3,67899,4.2,4429,5,Chennai,2023-07-11,https://www.flipkart.com/search?q=iPhone+11+Pro
100375,Apple,iPhone 12 Pro,8 GB,MOBDEHWI9ZD,79999,14,68799,4.5,3791,1,Chennai,2023-03-19,https://www.flipkart.com/search?q=iPhone+12+Pro
100376,Apple,iPhone 11 Pro,6 GB,MOBGUNNHT5G,69999,9,63699,4.4,2134,3,Hyderabad,2024-04-21,https://www.flipkart.com/search?q=iPhone+11+Pro
100377,Apple,iPhone 13 Mini,4 GB,MOBKGFEFZ45,54999,14,47299,4.3,1188,2,Chennai,2024-05-15,https://www.flipkart.com/search?q=iPhone+13+Mini
100378,Apple,iPhone 15,4 GB,MOBECCSBCSG,79999,17,66399,4.4,3584,5,Chennai,2023-12-27,https://www.flipkart.com/search?q=iPhone+15
100379,Apple,iPhone 13 Pro Max,4 GB,MOBA3H8O1M9,94999,19,76949,4.3,541,5,Hyderabad,2023-10-21,https://www.flipkart.com/search?q=iPhone+13+Pro+Max
100380,Apple,iPhone 14 Pro,6 GB,MOBTHF5TYC4,119999,6,112799,4.3,2300,5,Ahmedabad,2024-11-08,https://www.flipkart.com/search?q=iPhone+14+Pro
100381,Apple,iPhone 14 Pro Max,8 GB,MOBKRDQ38L5,129999,19,105299,3.9,3683,5,Delhi,2024-02-12,https://www.flipkart.com/search?q=iPhone+14+Pro+Max
100382,Apple,iPhone 14 Pro Max,4 GB,MOBGWR61LCW,129999,0,129999,4.2,3794,5,Mumbai,2024-10-07,https://www.flipkart.com/search?q=iPhone+14+Pro+Max
100383,Apple,iPhone 12,6 GB,MOBM1TUTJD3,49999,9,45499,3.8,4977,5,Kolkata,2023-05-29,https://www.flipkart.com/search?q=iPhone+12
100384,Apple,iPhone 12 Mini,8 GB,MOBMKXQMFH4,45999,1,45539,4.5,1574,4,Chennai,2024-04-02,https://www.flipkart.com/search?q=iPhone+12+Mini
100385,Apple,iPhone 13,8 GB,MOB83HSM5LQ,59999,18,49199,4,3323,4,Pune,2024-10-26,https://www.flipkart.com/search?q=iPhone+13
100386,Apple,iPhone 11,6 GB,MOBOP6AYNOF,39999,10,35999,4.8,1101,2,Kolkata,2024-05-26,https://www.flipkart.com/search?q=iPhone+11
100387,Apple,iPhone 14,6 GB,MOBU1WRZB87,69999,10,62999,3.9,4626,1,Hyderabad,2024-09-30,https://www.flipkart.com/search?q=iPhone+14
100388,Apple,iPhone 12 Pro,6 GB,MOBCD34OBZ5,79999,11,71199,4.5,1392,4,Ahmedabad,2024-06-22,https://www.flipkart.com/search?q=iPhone+12+Pro
100389,Apple,iPhone 14,4 GB,MOBA6ENXG30,69999,14,60199,4.6,359,3,Lucknow,2023-04-24,https://www.flipkart.com/search?q=iPhone+14
100390,Apple,iPhone 12 Pro Max,8 GB,MOBT3NWEIPW,84999,14,73099,4,4541,1,Ahmedabad,2023-08-28,https://www.flipkart.com/search?q=iPhone+12+Pro+Max
100391,Apple,iPhone 12 Pro,6 GB,MOBGXEV5LJB,79999,5,75999,3.8,1522,1,Kolkata,2024-06-12,https://www.flipkart.com/search?q=iPhone+12+Pro
100392,Apple,iPhone 14 Plus,6 GB,MOBMU57BNAX,74999,20,59999,4.9,1561,3,Bangalore,2023-01-06,https://www.flipkart.com/search?q=iPhone+14+Plus
100393,Apple,iPhone 12 Pro Max,6 GB,MOBLAQL2397,84999,10,76499,4.2,2952,4,Bangalore,2024-08-28,https://www.flipkart.com/search?q=iPhone+12+Pro+Max
100394,Apple,iPhone 15 Plus,6 GB,MOBWQN16PEC,89999,13,78299,3.8,4378,4,Jaipur,2024-09-07,https://www.flipkart.com/search?q=iPhone+15+Plus
100395,Apple,iPhone 12 Pro Max,6 GB,MOBJ1KD8RO3,84999,16,71399,4.4,1696,4,Lucknow,2024-12-07,https://www.flipkart.com/search?q=iPhone+12+Pro+Max
100396,Apple,iPhone 15 Pro Max,4 GB,MOBPI98ZKHF,159900,20,127920,4.6,1817,1,Chennai,2024-02-16,https://www.flipkart.com/search?q=iPhone+15+Pro+Max
100397,Apple,iPhone 11 Pro,4 GB,MOBZSCYLU7C,69999,14,60199,4.7,2452,3,Bangalore,2023-05-12,https://www.flipkart.com/search?q=iPhone+11+Pro
100398,Apple,iPhone 13,8 GB,MOBWWN39DG6,59999,11,53399,4.6,2645,5,Kolkata,2023-12-18,https://www.flipkart.com/search?q=iPhone+13
100399,Apple,iPhone 11 Pro,8 GB,MOB1XLN01UW,69999,18,57399,4,1819,1,Delhi,2023-09-29,https://www.flipkart.com/search?q=iPhone+11+Pro
100400,Apple,iPhone 12 Mini,8 GB,MOBH36TU5HO,45999,11,40939,4.4,2500,2,Pune,2024-11-10,https://www.flipkart.com/search?q=iPhone+12+Mini
100401,Apple,iPhone 11,4 GB,MOB16D6B339,39999,2,39199,4.4,4227,5,Chennai,2024-06-30,https://www.flipkart.com/search?q=iPhone+11
100402,Apple,iPhone 15 Pro,8 GB,MOBOYQHPIJX,134900,12,118712,4.2,1380,1,Ahmedabad,2024-12-11,https://www.flipkart.com/search?q=iPhone+15+Pro
100403,Apple,iPhone 13 Pro Max,8 GB,MOBOUXDDVNN,94999,16,79799,4.5,3394,4,Ahmedabad,2023-01-10,https://www.flipkart.com/search?q=iPhone+13+Pro+Max
100404,Apple,iPhone 13 Pro Max,6 GB,MOBCUKSFM56,94999,18,77899,4.6,3780,3,Lucknow,2023-12-30,https://www.flipkart.com/search?q=iPhone+13+Pro+Max
100405,Apple,iPhone 13 Mini,4 GB,MOB4N7UI2RP,54999,2,53899,4.1,3576,1,Mumbai,2024-12-28,https://www.flipkart.com/search?q=iPhone+13+Mini
100406,Apple,iPhone 11,4 GB,MOBRMZRTUDJ,39999,19,32399,4.4,548,5,Ahmedabad,2024-02-10,https://www.flipkart.com/search?q=iPhone+11
100407,Apple,iPhone 15,6 GB,MOBTAUFU8I9,79999,20,63999,4.7,782,2,Lucknow,2024-07-08,https://www.flipkart.com/search?q=iPhone+15
100408,Apple,iPhone 15,8 GB,MOBXI7XY7ZY,79999,15,67999,4.1,4232,5,Bangalore,2024-03-01,https://www.flipkart.com/search?q=iPhone+15
100409,Apple,iPhone 15 Pro,4 GB,MOB72GJBAM4,134900,11,120061,4.9,3274,5,Bangalore,2024-08-20,https://www.flipkart.com/search?q=iPhone+15+Pro
100410,Apple,iPhone 15 Pro Max,4 GB,MOBPTLOSTOU,159900,18,131118,4.7,712,5,Jaipur,2023-07-24,https://www.flipkart.com/search?q=iPhone+15+Pro+Max
100411,Apple,iPhone 14 Plus,4 GB,MOBDDT1FCFP,74999,10,67499,4.1,2902,1,Bangalore,2023-08-04,https://www.flipkart.com/search?q=iPhone+14+Plus
100412,Apple,iPhone 15,4 GB,MOBNRNJJ8DW,79999,12,70399,4.8,1671,3,Chennai,2023-08-24,https://www.flipkart.com/search?q=iPhone+15
100413,Apple,iPhone 13 Pro,8 GB,MOBOA96JLAT,89999,8,82799,4.4,3768,5,Mumbai,2024-12-02,https://www.flipkart.com/search?q=iPhone+13+Pro
100414,Apple,iPhone 13 Pro Max,6 GB,MOBQIYJUWVU,94999,2,93099,4.3,4284,3,Ahmedabad,2024-08-14,https://www.flipkart.com/search?q=iPhone+13+Pro+Max
100415,Apple,iPhone 15 Pro Max,4 GB,MOBPJTDXBTM,159900,12,140712,3.9,1646,2,Jaipur,2023-06-26,https://www.flipkart.com/search?q=iPhone+15+Pro+Max
100416,Apple,iPhone 12 Pro Max,8 GB,MOBY3V0V6UF,84999,9,77349,4.7,1759,1,Bangalore,2023-09-16,https://www.flipkart.com/search?q=iPhone+12+Pro+Max
100417,Apple,iPhone 15 Pro Max,8 GB,MOBGKY0OT29,159900,20,127920,4.2,2064,3,Hyderabad,2024-07-20,https://www.flipkart.com/search?q=iPhone+15+Pro+Max
100418,Apple,iPhone 14 Pro Max,6 GB,MOB71KH24O1,129999,7,120899,4.3,507,1,Hyderabad,2024-05-13,https://www.flipkart.com/search?q=iPhone+14+Pro+Max
100419,Apple,iPhone 14 Plus,8 GB,MOB6C4M1HSQ,74999,2,73499,3.8,4399,2,Delhi,2024-09-24,https://www.flipkart.com/search?q=iPhone+14+Plus
100420,Apple,iPhone 13 Mini,6 GB,MOBYYO8Y56O,54999,10,49499,4.2,3092,3,Ahmedabad,2024-04-07,https://www.flipkart.com/search?q=iPhone+13+Mini
100421,Apple,iPhone 13 Mini,4 GB,MOBRUIPT7E0,54999,8,50599,4.7,560,3,Chennai,2023-10-03,https://www.flipkart.com/search?q=iPhone+13+Mini
100422,Apple,iPhone 13 Pro,4 GB,MOBZZDY57JT,89999,13,78299,3.9,1088,4,Lucknow,2023-04-26,https://www.flipkart.com/search?q=iPhone+13+Pro
100423,Apple,iPhone 15,8 GB,MOB4TD8517P,79999,16,67199,4.8,1711,4,Chennai,2024-06-07,https://www.flipkart.com/search?q=iPhone+15
100424,Apple,iPhone 13 Mini,6 GB,MOB6328RXX6,54999,5,52249,4.3,4894,5,Ahmedabad,2024-03-20,https://www.flipkart.com/search?q=iPhone+13+Mini
100425,Apple,iPhone 12 Pro Max,6 GB,MOBNG17JVHB,84999,9,77349,4.2,1838,4,Mumbai,2023-08-17,https://www.flipkart.com/search?q=iPhone+12+Pro+Max
100426,Apple,iPhone 15,6 GB,MOBFWWDU89F,79999,7,74399,4.3,2511,2,Hyderabad,2024-08-19,https://www.flipkart.com/search?q=iPhone+15
100427,Apple,iPhone 12 Pro,6 GB,MOBJHN4THNM,79999,17,66399,4,3007,3,Kolkata,2024-01-22,https://www.flipkart.com/search?q=iPhone+12+Pro
100428,Apple,iPhone 14 Pro Max,4 GB,MOBOWLVWSSW,129999,15,110499,4.3,2223,3,Kolkata,2024-09-10,https://www.flipkart.com/search?q=iPhone+14+Pro+Max
100429,Apple,iPhone 12 Pro Max,6 GB,MOB0XEFIVWQ,84999,14,73099,3.8,2709,4,Jaipur,2023-03-16,https://www.flipkart.com/search?q=iPhone+12+Pro+Max
100430,Apple,iPhone 14 Pro Max,8 GB,MOBI5LISZ5I,129999,11,115699,4.6,2847,2,Chennai,2023-01-15,https://www.flipkart.com/search?q=iPhone+14+Pro+Max
100431,Apple,iPhone 14 Plus,8 GB,MOBETVE01ZU,74999,15,63749,4.2,1611,5,Ahmedabad,2023-10-29,https://www.flipkart.com/search?q=iPhone+14+Plus
100432,Apple,iPhone 15 Pro Max,4 GB,MOB4WRTFAEL,159900,15,135915,4.3,3514,4,Jaipur,2024-08-12,https://www.flipkart.com/search?q=iPhone+15+Pro+Max
100433,Apple,iPhone 14 Pro,8 GB,MOB4LM11UP0,119999,0,119999,4.3,4790,4,Bangalore,2023-02-15,https://www.flipkart.com/search?q=iPhone+14+Pro
100434,Apple,iPhone 13 Mini,8 GB,MOB4QQ2L7EU,54999,2,53899,4.2,4672,3,Pune,2024-04-03,https://www.flipkart.com/search?q=iPhone+13+Mini
100435,Apple,iPhone 12,6 GB,MOBVOE8CYHU,49999,5,47499,4.1,1549,4,Delhi,2023-08-14,https://www.flipkart.com/search?q=iPhone+12
100436,Apple,iPhone 12 Pro Max,4 GB,MOBQP3NNR09,84999,19,68849,4,3178,5,Mumbai,2024-11-08,https://www.flipkart.com/search?q=iPhone+12+Pro+Max
100437,Apple,iPhone 15,6 GB,MOBGQS2ZPCM,79999,13,69599,4.7,820,1,Delhi,2024-09-15,https://www.flipkart.com/search?q=iPhone+15
100438,Apple,iPhone 15 Pro Max,8 GB,MOBOEFWT8X4,159900,5,151905,4.6,4622,2,Kolkata,2024-12-21,https://www.flipkart.com/search?q=iPhone+15+Pro+Max
100439,Apple,iPhone 14 Pro,4 GB,MOB9G7D956Q,119999,5,113999,3.9,4314,1,Ahmedabad,2023-07-25,https://www.flipkart.com/search?q=iPhone+14+Pro
100440,Apple,iPhone 15 Pro,4 GB,MOB676WX7AO,134900,13,117363,4.6,3013,5,Kolkata,2023-08-30,https://www.flipkart.com/search?q=iPhone+15+Pro
100441,Apple,iPhone 13 Mini,4 GB,MOB8XKEO27B,54999,7,51149,4.1,1641,1,Jaipur,2023-08-11,https://www.flipkart.com/search?q=iPhone+13+Mini
100442,Apple,iPhone 13 Mini,4 GB,MOBUUGC22W9,54999,9,50049,4.3,1305,5,Hyderabad,2024-11-18,https://www.flipkart.com/search?q=iPhone+13+Mini
100443,Apple,iPhone 15 Pro Max,6 GB,MOB8NHHBK5I,159900,2,156702,4.2,2677,2,Jaipur,2024-07-11,https://www.flipkart.com/search?q=iPhone+15+Pro+Max
100444,Apple,iPhone 13 Mini,8 GB,MOBOKBZCOJP,54999,18,45099,3.8,2385,3,Delhi,2023-09-24,https://www.flipkart.com/search?q=iPhone+13+Mini
100445,Apple,iPhone 14,4 GB,MOBGDMNLX38,69999,6,65799,4.5,4892,1,Lucknow,2024-02-03,https://www.flipkart.com/search?q=iPhone+14
100446,Apple,iPhone 12 Mini,8 GB,MOB3J3T20ZO,45999,20,36799,4.9,140,4,Lucknow,2023-02-02,https://www.flipkart.com/search?q=iPhone+12+Mini
100447,Apple,iPhone 12 Pro Max,4 GB,MOBCBLUHX28,84999,7,79049,4.2,1955,2,Kolkata,2024-08-02,https://www.flipkart.com/search?q=iPhone+12+Pro+Max
100448,Apple,iPhone 14 Pro Max,4 GB,MOBP00F9QT1,129999,12,114399,4.2,3548,1,Delhi,2024-02-24,https://www.flipkart.com/search?q=iPhone+14+Pro+Max
100449,Apple,iPhone 13,6 GB,MOBX6X288Q8,59999,19,48599,4.7,4624,4,Jaipur,2024-08-24,https://www.flipkart.com/search?q=iPhone+13
100450,Apple,iPhone 14 Plus,4 GB,MOBYGOQQMAI,74999,8,68999,3.8,813,5,Ahmedabad,2023-12-04,https://www.flipkart.com/search?q=iPhone+14+Plus
100451,Apple,iPhone 14 Pro Max,6 GB,MOB8H8UARJW,129999,5,123499,3.9,561,5,Chennai,2024-02-10,https://www.flipkart.com/search?q=iPhone+14+Pro+Max
100452,Apple,iPhone 13 Pro Max,8 GB,MOBR5KCM2ZN,94999,6,89299,4.4,3098,1,Lucknow,2024-01-16,https://www.flipkart.com/search?q=iPhone+13+Pro+Max
100453,Apple,iPhone 11 Pro Max,8 GB,MOBUWH8W48Y,74999,2,73499,4.6,3128,1,Pune,2023-09-12,https://www.flipkart.com/search?q=iPhone+11+Pro+Max
100454,Apple,iPhone 15 Pro Max,8 GB,MOBOYTC16A9,159900,3,155103,3.9,3399,4,Lucknow,2023-05-10,https://www.flipkart.com/search?q=iPhone+15+Pro+Max
100455,Apple,iPhone 14 Pro Max,4 GB,MOBCJT54R3F,129999,18,106599,4.8,993,2,Jaipur,2024-11-01,https://www.flipkart.com/search?q=iPhone+14+Pro+Max
100456,Apple,iPhone 15 Plus,6 GB,MOBR9V159I9,89999,2,88199,4.2,4941,4,Mumbai,2023-11-03,https://www.flipkart.com/search?q=iPhone+15+Plus
100457,Apple,iPhone 13,4 GB,MOBH3V3DVP2,59999,5,56999,4.3,4884,2,Ahmedabad,2024-07-09,https://www.flipkart.com/search?q=iPhone+13
100458,Apple,iPhone 13 Mini,8 GB,MOBZY70T0XB,54999,16,46199,4.6,3759,2,Jaipur,2023-10-03,https://www.flipkart.com/search?q=iPhone+13+Mini
100459,Apple,iPhone 12 Mini,6 GB,MOBLE1FDRKM,45999,14,39559,4.4,732,1,Kolkata,2024-06-15,https://www.flipkart.com/search?q=iPhone+12+Mini
100460,Apple,iPhone 11 Pro Max,8 GB,MOBISK49LT7,74999,18,61499,4,4788,3,Jaipur,2024-09-14,https://www.flipkart.com/search?q=iPhone+11+Pro+Max
100461,Apple,iPhone 13 Mini,8 GB,MOB2TEJU1O4,54999,1,54449,4.3,4668,2,Ahmedabad,2023-04-17,https://www.flipkart.com/search?q=iPhone+13+Mini
100462,Apple,iPhone 13 Pro Max,4 GB,MOBUQ27T7B4,94999,17,78849,4.1,3675,5,Delhi,2024-02-14,https://www.flipkart.com/search?q=iPhone+13+Pro+Max
100463,Apple,iPhone 15 Pro Max,8 GB,MOB9WTX7LQQ,159900,9,145509,4.3,117,2,Lucknow,2024-11-23,https://www.flipkart.com/search?q=iPhone+15+Pro+Max
100464,Apple,iPhone 13 Pro Max,8 GB,MOB6XQXH3X6,94999,7,88349,4.6,247,2,Mumbai,2023-09-04,https://www.flipkart.com/search?q=iPhone+13+Pro+Max
100465,Apple,iPhone 12 Pro Max,8 GB,MOBXZOI83E4,84999,1,84149,4.9,1098,1,Bangalore,2023-02-08,https://www.flipkart.com/search?q=iPhone+12+Pro+Max
100466,Apple,iPhone 13 Pro,6 GB,MOBGF1DY2NN,89999,3,87299,4.8,500,5,Jaipur,2023-01-22,https://www.flipkart.com/search?q=iPhone+13+Pro
100467,Apple,iPhone 13 Mini,4 GB,MOBDGS7FAM8,54999,6,51699,4.7,1307,1,Bangalore,2023-03-14,https://www.flipkart.com/search?q=iPhone+13+Mini
100468,Apple,iPhone 13 Pro,4 GB,MOBD5SZPDMV,89999,13,78299,4.2,4191,5,Delhi,2023-02-20,https://www.flipkart.com/search?q=iPhone+13+Pro
100469,Apple,iPhone 11 Pro,4 GB,MOBZ9EUMOEE,69999,2,68599,4,4083,4,Bangalore,2024-10-09,https://www.flipkart.com/search?q=iPhone+11+Pro
100470,Apple,iPhone 15,8 GB,MOB0M4UVI75,79999,16,67199,4.1,85,2,Lucknow,2023-09-22,https://www.flipkart.com/search?q=iPhone+15
100471,Apple,iPhone 13 Pro Max,6 GB,MOBRT6WF8MN,94999,10,85499,4.1,4603,1,Ahmedabad,2024-12-21,https://www.flipkart.com/search?q=iPhone+13+Pro+Max
100472,Apple,iPhone 11,8 GB,MOBBUQLZJR7,39999,7,37199,4.4,2407,1,Bangalore,2024-05-06,https://www.flipkart.com/search?q=iPhone+11
100473,Apple,iPhone 15 Plus,6 GB,MOB9MIFNSAA,89999,8,82799,4.3,3016,5,Delhi,2024-12-14,https://www.flipkart.com/search?q=iPhone+15+Plus
100474,Apple,iPhone 15 Pro,6 GB,MOBCWLYIQPK,134900,13,117363,4.3,3115,4,Hyderabad,2024-06-08,https://www.flipkart.com/search?q=iPhone+15+Pro
100475,Apple,iPhone 15 Pro Max,8 GB,MOB8Q8M5TTB,159900,2,156702,4.9,1228,3,Lucknow,2023-05-01,https://www.flipkart.com/search?q=iPhone+15+Pro+Max
100476,Apple,iPhone 15,4 GB,MOBGWBFIZ8P,79999,14,68799,4.2,2090,3,Kolkata,2023-04-13,https://www.flipkart.com/search?q=iPhone+15
100477,Apple,iPhone 14 Pro,4 GB,MOB1YK20RDJ,119999,2,117599,4.4,1549,4,Pune,2023-06-09,https://www.flipkart.com/search?q=iPhone+14+Pro
100478,Apple,iPhone 11 Pro Max,4 GB,MOB34BNNBIF,74999,13,65249,4.9,1289,5,Kolkata,2023-01-01,https://www.flipkart.com/search?q=iPhone+11+Pro+Max
100479,Apple,iPhone 12 Pro Max,6 GB,MOB1XT95TF4,84999,7,79049,4.2,2529,5,Bangalore,2023-05-26,https://www.flipkart.com/search?q=iPhone+12+Pro+Max
100480,Apple,iPhone 15 Pro,8 GB,MOB2KHQXGZE,134900,15,114665,4.2,301,5,Mumbai,2024-07-18,https://www.flipkart.com/search?q=iPhone+15+Pro
100481,Apple,iPhone 12 Mini,8 GB,MOB5F25QC0B,45999,8,42319,4.5,282,2,Bangalore,2024-02-06,https://www.flipkart.com/search?q=iPhone+12+Mini
100482,Apple,iPhone 14 Plus,8 GB,MOB2OVWES80,74999,17,62249,4.7,1299,4,Lucknow,2024-02-07,https://www.flipkart.com/search?q=iPhone+14+Plus
100483,Apple,iPhone 14 Pro Max,4 GB,MOBGFFY8DDJ,129999,18,106599,4.3,3272,5,Lucknow,2023-09-13,https://www.flipkart.com/search?q=iPhone+14+Pro+Max
100484,Apple,iPhone 13 Pro,6 GB,MOBL2VI1426,89999,6,84599,4.6,2512,5,Kolkata,2024-09-14,https://www.flipkart.com/search?q=iPhone+13+Pro
100485,Apple,iPhone 12,6 GB,MOBYY7SX1FW,49999,3,48499,4.5,920,2,Delhi,2023-06-02,https://www.flipkart.com/search?q=iPhone+12
100486,Apple,iPhone 15 Pro,4 GB,MOBP23INBTY,134900,8,124108,4.6,4928,4,Bangalore,2024-11-06,https://www.flipkart.com/search?q=iPhone+15+Pro
100487,Apple,iPhone 12 Pro,4 GB,MOB3XLWTNFK,79999,19,64799,3.9,4780,4,Lucknow,2023-12-18,https://www.flipkart.com/search?q=iPhone+12+Pro
100488,Apple,iPhone 14 Pro Max,6 GB,MOBT9WWBCU4,129999,13,113099,4.4,3537,2,Bangalore,2024-10-27,https://www.flipkart.com/search?q=iPhone+14+Pro+Max
100489,Apple,iPhone 11 Pro Max,6 GB,MOBZHSOWEJQ,74999,19,60749,3.9,1335,2,Bangalore,2023-04-20,https://www.flipkart.com/search?q=iPhone+11+Pro+Max
100490,Apple,iPhone 11 Pro Max,6 GB,MOBZR4O4I7A,74999,16,62999,4.6,2621,3,Chennai,2023-02-01,https://www.flipkart.com/search?q=iPhone+11+Pro+Max
100491,Apple,iPhone 15 Plus,4 GB,MOBBFW15WR8,89999,17,74699,4.7,3811,4,Kolkata,2024-02-04,https://www.flipkart.com/search?q=iPhone+15+Plus
100492,Apple,iPhone 12 Pro Max,8 GB,MOB9R1443OC,84999,13,73949,3.9,1847,5,Mumbai,2023-01-28,https://www.flipkart.com/search?q=iPhone+12+Pro+Max
100493,Apple,iPhone 11 Pro,6 GB,MOBP4NU11DY,69999,9,63699,4,4560,4,Bangalore,2023-03-03,https://www.flipkart.com/search?q=iPhone+11+Pro
100494,Apple,iPhone 13 Pro Max,8 GB,MOBL325ECH4,94999,10,85499,3.9,2371,3,Delhi,2023-05-10,https://www.flipkart.com/search?q=iPhone+13+Pro+Max
100495,Apple,iPhone 12,6 GB,MOBFZT9MCXI,49999,3,48499,4.3,317,1,Hyderabad,2023-08-11,https://www.flipkart.com/search?q=iPhone+12
100496,Apple,iPhone 14 Plus,4 GB,MOB94CZ7PPQ,74999,12,65999,4.2,273,3,Mumbai,2023-10-01,https://www.flipkart.com/search?q=iPhone+14+Plus
100497,Apple,iPhone 15,6 GB,MOBUXQNN18J,79999,7,74399,4.8,4585,3,Pune,2023-12-17,https://www.flipkart.com/search?q=iPhone+15
100498,Apple,iPhone 11 Pro,6 GB,MOBTA00VK7E,69999,4,67199,4.3,4725,4,Ahmedabad,2023-02-14,https://www.flipkart.com/search?q=iPhone+11+Pro
100499,Apple,iPhone 15 Plus,8 GB,MOBQOMJZDVT,89999,0,89999,4,954,4,Ahmedabad,2024-09-25,https://www.flipkart.com/search?q=iPhone+15+Plus
100500,Apple,iPhone 14 Pro Max,4 GB,MOB1DCIM7FO,129999,4,124799,4.3,983,3,Chennai,2023-12-05,https://www.flipkart.com/search?q=iPhone+14+Pro+Max
100501,Apple,iPhone 13 Mini,8 GB,MOB46JXEM60,54999,9,50049,4.4,596,1,Chennai,2023-10-30,https://www.flipkart.com/search?q=iPhone+13+Mini
100502,Apple,iPhone 11 Pro Max,4 GB,MOBEFP6JUZ9,74999,16,62999,4.5,1500,4,Chennai,2023-03-01,https://www.flipkart.com/search?q=iPhone+11+Pro+Max
100503,Apple,iPhone 15,6 GB,MOBYJGEPATU,79999,4,76799,4.1,759,2,Pune,2024-12-07,https://www.flipkart.com/search?q=iPhone+15
100504,Apple,iPhone 15,4 GB,MOBYDA5E840,79999,15,67999,4,56,4,Lucknow,2024-03-15,https://www.flipkart.com/search?q=iPhone+15
100505,Apple,iPhone 15,8 GB,MOBCRHA2021,79999,18,65599,4.1,2942,4,Ahmedabad,2024-05-09,https://www.flipkart.com/search?q=iPhone+15
100506,Apple,iPhone 13 Mini,6 GB,MOBFX1KW1ZM,54999,7,51149,4.8,2733,3,Kolkata,2024-07-13,https://www.flipkart.com/search?q=iPhone+13+Mini
100507,Apple,iPhone 14 Pro Max,6 GB,MOBPONIRRK4,129999,4,124799,3.8,2506,3,Ahmedabad,2024-12-05,https://www.flipkart.com/search?q=iPhone+14+Pro+Max
100508,Apple,iPhone 11 Pro,6 GB,MOBRK6BZMK2,69999,20,55999,4.8,2445,2,Jaipur,2023-06-27,https://www.flipkart.com/search?q=iPhone+11+Pro
100509,Apple,iPhone 13,4 GB,MOBZ5S6B4SZ,59999,14,51599,4.3,2783,5,Mumbai,2023-11-11,https://www.flipkart.com/search?q=iPhone+13
100510,Apple,iPhone 11,8 GB,MOB07Q38NDQ,39999,11,35599,4.6,482,5,Jaipur,2024-07-24,https://www.flipkart.com/search?q=iPhone+11
100511,Apple,iPhone 15 Plus,4 GB,MOBMTKDE6PF,89999,1,89099,4,1984,5,Hyderabad,2024-03-28,https://www.flipkart.com/search?q=iPhone+15+Plus
100512,Apple,iPhone 15 Pro Max,4 GB,MOBSO1IE035,159900,19,129519,3.8,3462,5,Delhi,2024-11-03,https://www.flipkart.com/search?q=iPhone+15+Pro+Max
100513,Apple,iPhone 12,8 GB,MOBSYFKYNOM,49999,17,41499,4.7,2368,4,Delhi,2024-04-19,https://www.flipkart.com/search?q=iPhone+12
100514,Apple,iPhone 12 Pro,4 GB,MOBC2AGQRDR,79999,15,67999,4.2,1785,5,Mumbai,2024-07-16,https://www.flipkart.com/search?q=iPhone+12+Pro
100515,Apple,iPhone 15 Plus,4 GB,MOB7SMRONG8,89999,8,82799,4.6,3572,1,Hyderabad,2023-03-08,https://www.flipkart.com/search?q=iPhone+15+Plus
100516,Apple,iPhone 11,4 GB,MOB7R6YZYPD,39999,15,33999,4,3138,2,Pune,2023-03-27,https://www.flipkart.com/search?q=iPhone+11
100517,Apple,iPhone 13 Mini,4 GB,MOB6MP7PGGQ,54999,11,48949,4.5,3366,4,Hyderabad,2024-12-16,https://www.flipkart.com/search?q=iPhone+13+Mini
100518,Apple,iPhone 13 Pro,6 GB,MOBPU8Z03OK,89999,8,82799,4.2,1654,2,Chennai,2024-01-03,https://www.flipkart.com/search?q=iPhone+13+Pro
100519,Apple,iPhone 13 Pro Max,4 GB,MOBEE5L2Y4O,94999,7,88349,4.7,1132,2,Jaipur,2024-07-16,https://www.flipkart.com/search?q=iPhone+13+Pro+Max
100520,Apple,iPhone 13 Pro Max,4 GB,MOBSJUS0GBH,94999,16,79799,4.6,302,3,Chennai,2024-03-29,https://www.flipkart.com/search?q=iPhone+13+Pro+Max
100521,Apple,iPhone 12,8 GB,MOB01KSR1JQ,49999,12,43999,4.1,1799,3,Kolkata,2024-10-13,https://www.flipkart.com/search?q=iPhone+12
100522,Apple,iPhone 14 Pro Max,4 GB,MOBIQLHHKS2,129999,10,116999,4.5,1658,3,Bangalore,2024-07-08,https://www.flipkart.com/search?q=iPhone+14+Pro+Max
100523,Apple,iPhone 14 Pro Max,8 GB,MOB8ES2LOBS,129999,6,122199,4.6,1987,4,Chennai,2024-12-25,https://www.flipkart.com/search?q=iPhone+14+Pro+Max
100524,Apple,iPhone 13,6 GB,MOBV0HYTT4V,59999,15,50999,4.1,4235,5,Ahmedabad,2024-02-26,https://www.flipkart.com/search?q=iPhone+13
100525,Apple,iPhone 12 Pro Max,4 GB,MOBGXA310VM,84999,11,75649,4.6,3310,2,Mumbai,2024-09-02,https://www.flipkart.com/search?q=iPhone+12+Pro+Max
100526,Apple,iPhone 12 Pro,6 GB,MOBFYSQ340J,79999,7,74399,4.6,2133,1,Mumbai,2023-07-02,https://www.flipkart.com/search?q=iPhone+12+Pro
100527,Apple,iPhone 13 Mini,8 GB,MOB0COQ5QN4,54999,18,45099,4.7,3621,3,Chennai,2024-12-31,https://www.flipkart.com/search?q=iPhone+13+Mini
100528,Apple,iPhone 15 Pro,4 GB,MOB2PTZTZD9,134900,19,109269,4.2,578,1,Delhi,2024-01-17,https://www.flipkart.com/search?q=iPhone+15+Pro
100529,Apple,iPhone 13 Pro Max,6 GB,MOBB06UWG59,94999,1,94049,4.4,722,4,Lucknow,2023-02-14,https://www.flipkart.com/search?q=iPhone+13+Pro+Max
100530,Apple,iPhone 14,8 GB,MOBP7N13YT3,69999,16,58799,4.4,2737,5,Lucknow,2023-03-29,https://www.flipkart.com/search?q=iPhone+14
100531,Apple,iPhone 15 Pro,4 GB,MOB3VLJHVVL,134900,11,120061,3.9,548,1,Lucknow,2023-11-21,https://www.flipkart.com/search?q=iPhone+15+Pro
100532,Apple,iPhone 14 Pro,8 GB,MOBRNQ3WS2G,119999,1,118799,4.1,3674,2,Kolkata,2024-04-15,https://www.flipkart.com/search?q=iPhone+14+Pro
100533,Apple,iPhone 13 Pro Max,8 GB,MOB8KAA8YWD,94999,3,92149,4,4306,4,Delhi,2024-11-22,https://www.flipkart.com/search?q=iPhone+13+Pro+Max
100534,Apple,iPhone 12,4 GB,MOB5ZZ6AK5V,49999,13,43499,4.2,1119,4,Delhi,2023-06-13,https://www.flipkart.com/search?q=iPhone+12
100535,Apple,iPhone 14,4 GB,MOB19MNOVPI,69999,16,58799,3.8,3398,3,Mumbai,2024-01-16,https://www.flipkart.com/search?q=iPhone+14
100536,Apple,iPhone 14 Pro,6 GB,MOB93S67TXK,119999,1,118799,4.1,911,2,Ahmedabad,2023-09-29,https://www.flipkart.com/search?q=iPhone+14+Pro
100537,Apple,iPhone 11,6 GB,MOBDPY5OPHH,39999,17,33199,4,1597,1,Kolkata,2023-08-09,https://www.flipkart.com/search?q=iPhone+11
100538,Apple,iPhone 13 Pro Max,4 GB,MOBDQE8G61I,94999,9,86449,3.9,1664,2,Chennai,2023-04-14,https://www.flipkart.com/search?q=iPhone+13+Pro+Max
100539,Apple,iPhone 15 Plus,6 GB,MOBFQ3DNASR,89999,7,83699,4.3,3086,4,Delhi,2024-11-26,https://www.flipkart.com/search?q=iPhone+15+Plus
100540,Apple,iPhone 12,4 GB,MOBZTCJ1DEH,49999,13,43499,4.4,1819,1,Kolkata,2023-04-29,https://www.flipkart.com/search?q=iPhone+12
100541,Apple,iPhone 13,6 GB,MOB2CZVSOMI,59999,16,50399,4.5,1178,2,Ahmedabad,2024-04-01,https://www.flipkart.com/search?q=iPhone+13
100542,Apple,iPhone 15,6 GB,MOBK80ZYHX5,79999,17,66399,4.4,4024,3,Pune,2023-10-05,https://www.flipkart.com/search?q=iPhone+15
100543,Apple,iPhone 11 Pro,8 GB,MOBMI6HGZ26,69999,3,67899,3.8,1281,4,Mumbai,2023-04-04,https://www.flipkart.com/search?q=iPhone+11+Pro
100544,Apple,iPhone 13 Mini,4 GB,MOB8RHNX6ZS,54999,2,53899,4.2,2988,1,Delhi,2023-07-05,https://www.flipkart.com/search?q=iPhone+13+Mini
100545,Apple,iPhone 14 Plus,8 GB,MOB5MAJV9TR,74999,8,68999,4.2,1336,5,Ahmedabad,2023-09-19,https://www.flipkart.com/search?q=iPhone+14+Plus
100546,Apple,iPhone 14 Plus,8 GB,MOBKZP7A91V,74999,11,66749,3.9,631,3,Lucknow,2023-11-11,https://www.flipkart.com/search?q=iPhone+14+Plus
100547,Apple,iPhone 12,8 GB,MOBJL53JS8J,49999,9,45499,4.2,3083,2,Ahmedabad,2024-03-14,https://www.flipkart.com/search?q=iPhone+12
100548,Apple,iPhone 11,4 GB,MOBE2RZEBZH,39999,19,32399,4.7,1896,5,Lucknow,2023-12-26,https://www.flipkart.com/search?q=iPhone+11
100549,Apple,iPhone 15 Pro Max,8 GB,MOBR97Y6TID,159900,18,131118,4.5,3072,3,Jaipur,2023-12-06,https://www.flipkart.com/search?q=iPhone+15+Pro+Max
100550,Apple,iPhone 13 Mini,6 GB,MOBYFN1NUPN,54999,10,49499,4.8,1090,3,Ahmedabad,2023-12-19,https://www.flipkart.com/search?q=iPhone+13+Mini
100551,Apple,iPhone 11,4 GB,MOB9DU5IXGZ,39999,16,33599,4.2,2641,4,Pune,2024-11-16,https://www.flipkart.com/search?q=iPhone+11
100552,Apple,iPhone 13 Pro,6 GB,MOBMDQZOP0F,89999,13,78299,4.4,2732,1,Kolkata,2024-10-07,https://www.flipkart.com/search?q=iPhone+13+Pro
100553,Apple,iPhone 15 Pro,4 GB,MOBQYED6KDK,134900,1,133551,4.8,3511,1,Chennai,2024-07-28,https://www.flipkart.com/search?q=iPhone+15+Pro
100554,Apple,iPhone 12 Pro,8 GB,MOB0CIF3AXI,79999,17,66399,4.5,1337,5,Chennai,2024-11-19,https://www.flipkart.com/search?q=iPhone+12+Pro
100555,Apple,iPhone 11 Pro Max,6 GB,MOBKHP7AXPU,74999,10,67499,4.8,1571,1,Ahmedabad,2023-08-16,https://www.flipkart.com/search?q=iPhone+11+Pro+Max
100556,Apple,iPhone 12 Mini,6 GB,MOBOFGXTLBF,45999,19,37259,4.7,1524,4,Delhi,2023-07-04,https://www.flipkart.com/search?q=iPhone+12+Mini
100557,Apple,iPhone 14,4 GB,MOBXNZ5IIRS,69999,0,69999,4.3,474,2,Kolkata,2023-03-03,https://www.flipkart.com/search?q=iPhone+14
100558,Apple,iPhone 15,8 GB,MOBDYUOGGTW,79999,8,73599,4.1,412,1,Kolkata,2024-06-20,https://www.flipkart.com/search?q=iPhone+15
100559,Apple,iPhone 13 Pro Max,4 GB,MOB7YQ3QAXJ,94999,3,92149,4.3,4061,3,Lucknow,2023-08-05,https://www.flipkart.com/search?q=iPhone+13+Pro+Max
100560,Apple,iPhone 13 Pro,8 GB,MOBTPKZSVMZ,89999,14,77399,4.4,2721,3,Kolkata,2023-10-03,https://www.flipkart.com/search?q=iPhone+13+Pro
100561,Apple,iPhone 13 Pro Max,8 GB,MOBNFMYVXMU,94999,9,86449,4.7,2367,3,Mumbai,2023-04-28,https://www.flipkart.com/search?q=iPhone+13+Pro+Max
100562,Apple,iPhone 12 Pro,8 GB,MOB2CKRB2B0,79999,16,67199,4.6,2763,1,Mumbai,2024-09-22,https://www.flipkart.com/search?q=iPhone+12+Pro
100563,Apple,iPhone 11,8 GB,MOBC0BDEDJX,39999,19,32399,4.2,154,5,Chennai,2024-08-21,https://www.flipkart.com/search?q=iPhone+11
100564,Apple,iPhone 15 Pro Max,8 GB,MOBSAGKMMWK,159900,16,134316,4.5,4639,1,Lucknow,2023-11-16,https://www.flipkart.com/search?q=iPhone+15+Pro+Max
100565,Apple,iPhone 15,4 GB,MOB765588A5,79999,2,78399,4.9,1316,4,Pune,2024-06-25,https://www.flipkart.com/search?q=iPhone+15
100566,Apple,iPhone 12 Mini,6 GB,MOBC9WK3XZY,45999,9,41859,4.7,1250,1,Chennai,2024-06-26,https://www.flipkart.com/search?q=iPhone+12+Mini
100567,Apple,iPhone 14,8 GB,MOB9VAD2ABK,69999,16,58799,4.1,3505,3,Chennai,2023-09-20,https://www.flipkart.com/search?q=iPhone+14
100568,Apple,iPhone 15 Pro,4 GB,MOB3HRKBECX,134900,14,116014,4.1,2335,4,Lucknow,2024-12-23,https://www.flipkart.com/search?q=iPhone+15+Pro
100569,Apple,iPhone 11 Pro,8 GB,MOBMYBRSG24,69999,9,63699,4.7,440,2,Chennai,2024-06-23,https://www.flipkart.com/search?q=iPhone+11+Pro
100570,Apple,iPhone 15 Plus,6 GB,MOBT8MKPHJ3,89999,10,80999,4.9,4166,4,Mumbai,2023-09-20,https://www.flipkart.com/search?q=iPhone+15+Plus
100571,Apple,iPhone 15,8 GB,MOBP0MGX656,79999,12,70399,4.2,1850,3,Lucknow,2024-06-20,https://www.flipkart.com/search?q=iPhone+15
100572,Apple,iPhone 12 Pro Max,4 GB,MOBRV1COC5U,84999,7,79049,4.8,521,2,Mumbai,2024-02-18,https://www.flipkart.com/search?q=iPhone+12+Pro+Max
100573,Apple,iPhone 12 Pro Max,6 GB,MOBTLIPSFU6,84999,11,75649,4.5,1061,4,Delhi,2023-04-01,https://www.flipkart.com/search?q=iPhone+12+Pro+Max
100574,Apple,iPhone 13 Pro Max,8 GB,MOBV71IHFXQ,94999,8,87399,4.2,2492,4,Pune,2023-04-11,https://www.flipkart.com/search?q=iPhone+13+Pro+Max
100575,Apple,iPhone 15 Pro Max,8 GB,MOBEAJWJ28V,159900,19,129519,4.1,238,2,Hyderabad,2023-08-28,https://www.flipkart.com/search?q=iPhone+15+Pro+Max
100576,Apple,iPhone 14,8 GB,MOBIM97MN4J,69999,7,65099,3.8,1230,3,Hyderabad,2024-07-01,https://www.flipkart.com/search?q=iPhone+14
100577,Apple,iPhone 15,6 GB,MOBH0EK90H4,79999,0,79999,4.6,4934,4,Bangalore,2024-04-11,https://www.flipkart.com/search?q=iPhone+15
100578,Apple,iPhone 14 Pro Max,4 GB,MOB1L282FIX,129999,16,109199,4.4,4683,5,Delhi,2023-05-08,https://www.flipkart.com/search?q=iPhone+14+Pro+Max
100579,Apple,iPhone 12 Pro Max,4 GB,MOBD3P0E2HR,84999,1,84149,4.5,2520,3,Delhi,2023-06-22,https://www.flipkart.com/search?q=iPhone+12+Pro+Max
100580,Apple,iPhone 14,8 GB,MOBZZI8FGQ7,69999,15,59499,4.6,1216,5,Bangalore,2023-07-28,https://www.flipkart.com/search?q=iPhone+14
100581,Apple,iPhone 13,4 GB,MOBXHLOWR76,59999,3,58199,4.8,3352,5,Mumbai,2023-11-21,https://www.flipkart.com/search?q=iPhone+13
100582,Apple,iPhone 12,8 GB,MOBPKE4E6LG,49999,1,49499,4,3143,4,Bangalore,2023-02-04,https://www.flipkart.com/search?q=iPhone+12
100583,Apple,iPhone 11,6 GB,MOBEKHT15JG,39999,17,33199,4.4,616,1,Chennai,2023-03-19,https://www.flipkart.com/search?q=iPhone+11
100584,Apple,iPhone 13 Pro Max,8 GB,MOBFTJ8LGLC,94999,9,86449,4.8,4831,1,Ahmedabad,2024-09-28,https://www.flipkart.com/search?q=iPhone+13+Pro+Max
100585,Apple,iPhone 15 Pro,8 GB,MOB248E18UC,134900,5,128155,4.3,4238,2,Delhi,2023-07-22,https://www.flipkart.com/search?q=iPhone+15+Pro
100586,Apple,iPhone 14,6 GB,MOBB1J4F25Z,69999,9,63699,3.8,2995,1,Ahmedabad,2024-12-25,https://www.flipkart.com/search?q=iPhone+14
100587,Apple,iPhone 15 Plus,4 GB,MOB0Q3KXWG7,89999,12,79199,4.7,780,3,Ahmedabad,2023-03-12,https://www.flipkart.com/search?q=iPhone+15+Plus
100588,Apple,iPhone 11 Pro,6 GB,MOBBCA3RHYO,69999,11,62299,4.6,3155,1,Hyderabad,2024-10-20,https://www.flipkart.com/search?q=iPhone+11+Pro
100589,Apple,iPhone 15 Pro Max,8 GB,MOBTW9K94Q8,159900,20,127920,3.9,4262,2,Pune,2024-10-24,https://www.flipkart.com/search?q=iPhone+15+Pro+Max
100590,Apple,iPhone 15 Plus,6 GB,MOB7GXW79DJ,89999,14,77399,4.9,923,2,Pune,2024-10-08,https://www.flipkart.com/search?q=iPhone+15+Plus
100591,Apple,iPhone 13 Pro Max,4 GB,MOBMYI117ID,94999,16,79799,4.3,788,1,Kolkata,2024-11-22,https://www.flipkart.com/search?q=iPhone+13+Pro+Max
100592,Apple,iPhone 11,6 GB,MOBL6XV31W8,39999,3,38799,3.9,2172,5,Bangalore,2024-05-07,https://www.flipkart.com/search?q=iPhone+11
100593,Apple,iPhone 13,4 GB,MOBBBN8NLFW,59999,11,53399,4.8,4082,3,Kolkata,2023-01-18,https://www.flipkart.com/search?q=iPhone+13
100594,Apple,iPhone 15 Pro Max,8 GB,MOBNXP5IM1Y,159900,20,127920,4.8,4012,1,Ahmedabad,2024-08-13,https://www.flipkart.com/search?q=iPhone+15+Pro+Max
100595,Apple,iPhone 15 Plus,8 GB,MOBDME97AWZ,89999,17,74699,4.7,1814,5,Jaipur,2024-03-28,https://www.flipkart.com/search?q=iPhone+15+Plus
100596,Apple,iPhone 15 Pro Max,8 GB,MOB2AP275MC,159900,1,158301,4,2578,1,Hyderabad,2024-09-10,https://www.flipkart.com/search?q=iPhone+15+Pro+Max
100597,Apple,iPhone 13,4 GB,MOBN2SLQJAZ,59999,8,55199,4.3,2373,2,Hyderabad,2024-12-09,https://www.flipkart.com/search?q=iPhone+13
100598,Apple,iPhone 12,4 GB,MOB495N2CD6,49999,2,48999,4.7,3869,4,Delhi,2023-03-19,https://www.flipkart.com/search?q=iPhone+12
100599,Apple,iPhone 11,6 GB,MOBG901C6XB,39999,5,37999,4.9,820,4,Chennai,2024-08-20,https://www.flipkart.com/search?q=iPhone+11
100600,Apple,iPhone 13 Pro,8 GB,MOB0UH7P1I2,89999,8,82799,4.8,4801,4,Bangalore,2024-07-14,https://www.flipkart.com/search?q=iPhone+13+Pro
100601,Apple,iPhone 11 Pro,4 GB,MOBN3EGYNYA,69999,15,59499,4.9,3527,2,Bangalore,2024-09-25,https://www.flipkart.com/search?q=iPhone+11+Pro
100602,Apple,iPhone 11 Pro Max,4 GB,MOB6TT1VL6H,74999,6,70499,4.8,3681,1,Chennai,2024-07-15,https://www.flipkart.com/search?q=iPhone+11+Pro+Max
100603,Apple,iPhone 14 Pro Max,8 GB,MOB542EWCE7,129999,1,128699,4.4,2856,4,Ahmedabad,2023-09-13,https://www.flipkart.com/search?q=iPhone+14+Pro+Max
100604,Apple,iPhone 11 Pro,6 GB,MOBHPB2LSIR,69999,0,69999,4,3638,3,Hyderabad,2023-10-04,https://www.flipkart.com/search?q=iPhone+11+Pro
100605,Apple,iPhone 13 Pro Max,6 GB,MOBVOU1FXDN,94999,18,77899,4.5,634,2,Mumbai,2024-07-25,https://www.flipkart.com/search?q=iPhone+13+Pro+Max
100606,Apple,iPhone 15 Pro Max,4 GB,MOBY1LDB58T,159900,18,131118,4.7,2770,2,Hyderabad,2024-02-14,https://www.flipkart.com/search?q=iPhone+15+Pro+Max
100607,Apple,iPhone 11 Pro,4 GB,MOB79BUOUS0,69999,4,67199,4.4,2535,5,Chennai,2024-01-07,https://www.flipkart.com/search?q=iPhone+11+Pro
100608,Apple,iPhone 12 Pro Max,6 GB,MOBBV1HHL2G,84999,1,84149,4,3143,3,Ahmedabad,2023-07-17,https://www.flipkart.com/search?q=iPhone+12+Pro+Max
100609,Apple,iPhone 15 Pro,4 GB,MOBEP5UFXQY,134900,11,120061,4.4,1282,3,Hyderabad,2024-08-16,https://www.flipkart.com/search?q=iPhone+15+Pro
100610,Apple,iPhone 12 Mini,6 GB,MOBRSB06A4B,45999,20,36799,4.6,1382,1,Hyderabad,2023-05-30,https://www.flipkart.com/search?q=iPhone+12+Mini
100611,Apple,iPhone 12 Pro Max,4 GB,MOB85YLF8WN,84999,16,71399,4.2,2974,2,Mumbai,2024-08-05,https://www.flipkart.com/search?q=iPhone+12+Pro+Max
100612,Apple,iPhone 13 Pro,4 GB,MOBE3HKQPQK,89999,4,86399,4.5,2018,2,Delhi,2024-06-09,https://www.flipkart.com/search?q=iPhone+13+Pro
100613,Apple,iPhone 15 Pro Max,6 GB,MOBB1PCC69U,159900,17,132717,4.5,4923,2,Bangalore,2023-12-07,https://www.flipkart.com/search?q=iPhone+15+Pro+Max
100614,Apple,iPhone 14 Pro,8 GB,MOBMM64ZZ54,119999,4,115199,4.8,2505,1,Mumbai,2024-12-12,https://www.flipkart.com/search?q=iPhone+14+Pro
100615,Apple,iPhone 14 Pro,8 GB,MOB63JNC2QL,119999,17,99599,3.9,860,4,Bangalore,2024-12-04,https://www.flipkart.com/search?q=iPhone+14+Pro
100616,Apple,iPhone 12,8 GB,MOBXBY5MLRW,49999,4,47999,4.5,1459,2,Lucknow,2024-10-30,https://www.flipkart.com/search?q=iPhone+12
100617,Apple,iPhone 13 Mini,8 GB,MOBI26LQCCI,54999,17,45649,4.5,1770,5,Mumbai,2024-04-30,https://www.flipkart.com/search?q=iPhone+13+Mini
100618,Apple,iPhone 12,4 GB,MOBQI7KGVBX,49999,6,46999,4.7,2895,3,Lucknow,2024-12-24,https://www.flipkart.com/search?q=iPhone+12
100619,Apple,iPhone 14 Pro,6 GB,MOBZCNQE8TK,119999,6,112799,4.5,1302,1,Lucknow,2024-10-07,https://www.flipkart.com/search?q=iPhone+14+Pro
100620,Apple,iPhone 11 Pro Max,6 GB,MOBYJNM1CG1,74999,3,72749,4.1,920,1,Pune,2024-07-16,https://www.flipkart.com/search?q=iPhone+11+Pro+Max
100621,Apple,iPhone 13 Pro,8 GB,MOBM4ZCFUJE,89999,19,72899,4.7,3418,3,Lucknow,2023-01-11,https://www.flipkart.com/search?q=iPhone+13+Pro
100622,Apple,iPhone 15 Plus,6 GB,MOB13TBQ5SV,89999,10,80999,4.8,2627,1,Chennai,2023-01-05,https://www.flipkart.com/search?q=iPhone+15+Plus
100623,Apple,iPhone 12 Pro,6 GB,MOB70Q1MOY0,79999,18,65599,4.6,2908,2,Hyderabad,2023-09-25,https://www.flipkart.com/search?q=iPhone+12+Pro
100624,Apple,iPhone 15 Pro Max,6 GB,MOBAQH4BQ5C,159900,12,140712,4,3977,5,Jaipur,2023-06-13,https://www.flipkart.com/search?q=iPhone+15+Pro+Max
100625,Apple,iPhone 15 Plus,6 GB,MOBSSBJXOUU,89999,14,77399,3.9,955,5,Delhi,2023-05-06,https://www.flipkart.com/search?q=iPhone+15+Plus
100626,Apple,iPhone 14,8 GB,MOBWQ2QG7IW,69999,10,62999,3.9,3517,4,Mumbai,2024-06-01,https://www.flipkart.com/search?q=iPhone+14
100627,Apple,iPhone 15 Pro Max,6 GB,MOBWYUCNFFB,159900,9,145509,4,2591,3,Hyderabad,2023-04-26,https://www.flipkart.com/search?q=iPhone+15+Pro+Max
100628,Apple,iPhone 11 Pro,6 GB,MOBOR9VT9R7,69999,10,62999,4.1,2854,3,Chennai,2023-07-28,https://www.flipkart.com/search?q=iPhone+11+Pro
100629,Apple,iPhone 13,6 GB,MOBEL8BR0XB,59999,2,58799,4.3,296,5,Ahmedabad,2024-06-13,https://www.flipkart.com/search?q=iPhone+13
100630,Apple,iPhone 15 Pro,8 GB,MOBUSD7343G,134900,10,121410,4.3,3027,1,Mumbai,2023-04-09,https://www.flipkart.com/search?q=iPhone+15+Pro
100631,Apple,iPhone 12 Mini,6 GB,MOBTHUHHEVA,45999,20,36799,3.8,2280,5,Kolkata,2024-01-16,https://www.flipkart.com/search?q=iPhone+12+Mini
100632,Apple,iPhone 12 Mini,8 GB,MOB2BZ8B1T4,45999,1,45539,4.9,4160,1,Kolkata,2024-11-20,https://www.flipkart.com/search?q=iPhone+12+Mini
100633,Apple,iPhone 11 Pro,4 GB,MOBPOLMJI94,69999,14,60199,4.1,3774,4,Jaipur,2023-01-03,https://www.flipkart.com/search?q=iPhone+11+Pro
100634,Apple,iPhone 11 Pro,8 GB,MOBLZ3VLHIW,69999,12,61599,4.8,4798,2,Kolkata,2024-09-12,https://www.flipkart.com/search?q=iPhone+11+Pro
100635,Apple,iPhone 15 Plus,4 GB,MOB85UN9S4A,89999,20,71999,4.8,1909,2,Pune,2023-07-01,https://www.flipkart.com/search?q=iPhone+15+Plus
100636,Apple,iPhone 11,8 GB,MOB1IIC5B17,39999,6,37599,4.3,3936,1,Pune,2024-08-27,https://www.flipkart.com/search?q=iPhone+11
100637,Apple,iPhone 15,8 GB,MOB1DVBVMDO,79999,4,76799,4.1,1049,3,Hyderabad,2024-04-23,https://www.flipkart.com/search?q=iPhone+15
100638,Apple,iPhone 13 Pro,4 GB,MOB0TGZWGNX,89999,9,81899,4.5,4564,5,Pune,2023-11-02,https://www.flipkart.com/search?q=iPhone+13+Pro
100639,Apple,iPhone 15 Plus,4 GB,MOB9114NGYE,89999,1,89099,4.8,683,5,Mumbai,2023-02-25,https://www.flipkart.com/search?q=iPhone+15+Plus
100640,Apple,iPhone 11 Pro,8 GB,MOBOKOICK79,69999,10,62999,4.3,2479,4,Chennai,2024-12-11,https://www.flipkart.com/search?q=iPhone+11+Pro
100641,Apple,iPhone 13,8 GB,MOBUGLDWDV1,59999,7,55799,3.9,398,1,Ahmedabad,2023-07-11,https://www.flipkart.com/search?q=iPhone+13
100642,Apple,iPhone 14 Pro Max,6 GB,MOBPHKH69M5,129999,9,118299,4.6,726,3,Kolkata,2023-08-07,https://www.flipkart.com/search?q=iPhone+14+Pro+Max
100643,Apple,iPhone 14 Pro,8 GB,MOB0UU6U32W,119999,4,115199,4.3,978,4,Delhi,2024-05-18,https://www.flipkart.com/search?q=iPhone+14+Pro
100644,Apple,iPhone 13 Pro Max,4 GB,MOBKIV5VBK3,94999,12,83599,4.3,4804,3,Bangalore,2024-08-02,https://www.flipkart.com/search?q=iPhone+13+Pro+Max
100645,Apple,iPhone 11 Pro,6 GB,MOB9USSE348,69999,0,69999,4.2,3401,1,Ahmedabad,2024-09-09,https://www.flipkart.com/search?q=iPhone+11+Pro
100646,Apple,iPhone 12 Pro Max,4 GB,MOBFURO1J8U,84999,15,72249,4.8,4645,3,Bangalore,2024-10-16,https://www.flipkart.com/search?q=iPhone+12+Pro+Max
100647,Apple,iPhone 13,6 GB,MOB6H9EWAXV,59999,1,59399,4.5,3134,4,Ahmedabad,2023-02-13,https://www.flipkart.com/search?q=iPhone+13
100648,Apple,iPhone 12 Pro,8 GB,MOBF2FY1ED9,79999,4,76799,4.1,1038,5,Jaipur,2023-03-08,https://www.flipkart.com/search?q=iPhone+12+Pro
100649,Apple,iPhone 14 Pro,6 GB,MOB703QOYQ0,119999,20,95999,4,2354,1,Lucknow,2023-02-23,https://www.flipkart.com/search?q=iPhone+14+Pro
100650,Apple,iPhone 11 Pro Max,6 GB,MOBRHELNIM9,74999,4,71999,4.8,4093,2,Hyderabad,2023-10-01,https://www.flipkart.com/search?q=iPhone+11+Pro+Max
100651,Apple,iPhone 13 Mini,6 GB,MOBUYELLQX5,54999,14,47299,3.8,4824,3,Kolkata,2024-09-10,https://www.flipkart.com/search?q=iPhone+13+Mini
100652,Apple,iPhone 12,8 GB,MOB9L78P2HO,49999,16,41999,4.1,3361,2,Mumbai,2023-12-13,https://www.flipkart.com/search?q=iPhone+12
100653,Apple,iPhone 14 Plus,8 GB,MOB956KYMOK,74999,6,70499,4.4,4472,3,Ahmedabad,2023-10-03,https://www.flipkart.com/search?q=iPhone+14+Plus
100654,Apple,iPhone 14,6 GB,MOBUB6E2FOW,69999,11,62299,3.8,1970,1,Chennai,2024-04-03,https://www.flipkart.com/search?q=iPhone+14
100655,Apple,iPhone 12 Mini,4 GB,MOBZB1TYGW7,45999,13,40019,4.6,2503,4,Hyderabad,2024-09-24,https://www.flipkart.com/search?q=iPhone+12+Mini
100656,Apple,iPhone 11 Pro Max,6 GB,MOB57CMBTLZ,74999,20,59999,4.4,123,2,Lucknow,2023-01-27,https://www.flipkart.com/search?q=iPhone+11+Pro+Max
100657,Apple,iPhone 14 Pro Max,8 GB,MOBX0KOVFM2,129999,20,103999,4.6,938,2,Hyderabad,2023-03-31,https://www.flipkart.com/search?q=iPhone+14+Pro+Max
100658,Apple,iPhone 11,8 GB,MOBJ0V3MVWN,39999,7,37199,4.1,1225,1,Chennai,2024-10-06,https://www.flipkart.com/search?q=iPhone+11
100659,Apple,iPhone 11 Pro,6 GB,MOBROQA8KRR,69999,8,64399,4.2,4875,5,Pune,2023-08-25,https://www.flipkart.com/search?q=iPhone+11+Pro
100660,Apple,iPhone 12 Pro Max,4 GB,MOBW3Y0CUUU,84999,18,69699,4.3,3893,4,Delhi,2024-01-29,https://www.flipkart.com/search?q=iPhone+12+Pro+Max
100661,Apple,iPhone 12 Pro,8 GB,MOBB7QCLFLG,79999,3,77599,4.4,3338,3,Delhi,2024-03-07,https://www.flipkart.com/search?q=iPhone+12+Pro
100662,Apple,iPhone 14 Plus,6 GB,MOB32D19CY6,74999,2,73499,4.4,4204,2,Bangalore,2023-10-22,https://www.flipkart.com/search?q=iPhone+14+Plus
100663,Apple,iPhone 15 Pro Max,6 GB,MOBSGE8M9UF,159900,13,139113,4.5,124,4,Kolkata,2024-08-03,https://www.flipkart.com/search?q=iPhone+15+Pro+Max
100664,Apple,iPhone 15 Plus,8 GB,MOB1O9KQFJL,89999,8,82799,4.7,2265,1,Lucknow,2024-02-20,https://www.flipkart.com/search?q=iPhone+15+Plus
100665,Apple,iPhone 14 Pro Max,8 GB,MOBSX13AF1O,129999,5,123499,4.6,202,2,Bangalore,2023-05-25,https://www.flipkart.com/search?q=iPhone+14+Pro+Max
100666,Apple,iPhone 14 Plus,8 GB,MOBDZMJHIN1,74999,9,68249,4.3,3604,5,Hyderabad,2024-09-21,https://www.flipkart.com/search?q=iPhone+14+Plus
100667,Apple,iPhone 14 Plus,6 GB,MOBEDE5BV0Y,74999,19,60749,4.5,2504,4,Delhi,2024-11-09,https://www.flipkart.com/search?q=iPhone+14+Plus
100668,Apple,iPhone 11 Pro Max,6 GB,MOBUMO7QRMT,74999,4,71999,3.9,4115,4,Chennai,2024-02-14,https://www.flipkart.com/search?q=iPhone+11+Pro+Max
100669,Apple,iPhone 11,8 GB,MOB1LSIFUXR,39999,4,38399,4.4,461,5,Mumbai,2023-10-25,https://www.flipkart.com/search?q=iPhone+11
100670,Apple,iPhone 12,8 GB,MOBUY6RFDF1,49999,9,45499,4.2,2083,3,Delhi,2024-09-15,https://www.flipkart.com/search?q=iPhone+12
100671,Apple,iPhone 14 Pro Max,4 GB,MOB26RYLGSR,129999,4,124799,4.8,3343,1,Bangalore,2023-03-07,https://www.flipkart.com/search?q=iPhone+14+Pro+Max
100672,Apple,iPhone 14,8 GB,MOBOGX5HQSP,69999,19,56699,4.3,4756,3,Delhi,2023-01-10,https://www.flipkart.com/search?q=iPhone+14
100673,Apple,iPhone 12 Mini,6 GB,MOBNOW9XC7C,45999,6,43239,4.9,3195,4,Mumbai,2024-06-23,https://www.flipkart.com/search?q=iPhone+12+Mini
100674,Apple,iPhone 14 Plus,4 GB,MOBE4OIPVLD,74999,18,61499,4.7,3830,2,Bangalore,2024-09-26,https://www.flipkart.com/search?q=iPhone+14+Plus
100675,Apple,iPhone 13,6 GB,MOBJPPTJILC,59999,2,58799,4,1147,3,Hyderabad,2024-03-30,https://www.flipkart.com/search?q=iPhone+13
100676,Apple,iPhone 14 Pro,6 GB,MOBIUX17V9L,119999,14,103199,4.2,1719,3,Jaipur,2023-07-13,https://www.flipkart.com/search?q=iPhone+14+Pro
100677,Apple,iPhone 15 Plus,4 GB,MOBCSEE8BL3,89999,19,72899,4.7,1680,4,Mumbai,2024-08-12,https://www.flipkart.com/search?q=iPhone+15+Plus
100678,Apple,iPhone 15 Pro,6 GB,MOBYRE4X7FN,134900,1,133551,4.1,3917,1,Jaipur,2023-06-24,https://www.flipkart.com/search?q=iPhone+15+Pro
100679,Apple,iPhone 14 Plus,4 GB,MOBR49UA9HM,74999,4,71999,4.6,3057,2,Hyderabad,2023-08-05,https://www.flipkart.com/search?q=iPhone+14+Plus
100680,Apple,iPhone 11,6 GB,MOBCME111ET,39999,1,39599,4.6,3039,3,Kolkata,2024-11-16,https://www.flipkart.com/search?q=iPhone+11
100681,Apple,iPhone 15 Pro Max,4 GB,MOBZUVAK6DC,159900,14,137514,4.8,562,5,Chennai,2023-12-05,https://www.flipkart.com/search?q=iPhone+15+Pro+Max
100682,Apple,iPhone 15,8 GB,MOBJFUS0H8A,79999,10,71999,4.8,804,1,Mumbai,2023-02-28,https://www.flipkart.com/search?q=iPhone+15
100683,Apple,iPhone 15 Pro,6 GB,MOBN774IPNR,134900,0,134900,4.8,4742,4,Pune,2024-05-29,https://www.flipkart.com/search?q=iPhone+15+Pro
100684,Apple,iPhone 12 Pro Max,6 GB,MOBKK5044VW,84999,3,82449,3.9,4277,3,Lucknow,2023-03-24,https://www.flipkart.com/search?q=iPhone+12+Pro+Max
100685,Apple,iPhone 14 Pro Max,6 GB,MOBRTG026VZ,129999,3,126099,4,4696,5,Lucknow,2024-06-02,https://www.flipkart.com/search?q=iPhone+14+Pro+Max
100686,Apple,iPhone 12 Pro Max,8 GB,MOB9H29AYEN,84999,10,76499,4.7,3134,5,Hyderabad,2024-10-28,https://www.flipkart.com/search?q=iPhone+12+Pro+Max
100687,Apple,iPhone 12,8 GB,MOBZVOVD3P8,49999,2,48999,3.9,387,3,Hyderabad,2024-12-11,https://www.flipkart.com/search?q=iPhone+12
100688,Apple,iPhone 13 Pro,6 GB,MOBL7LDYAJB,89999,8,82799,4.1,446,3,Delhi,2024-03-07,https://www.flipkart.com/search?q=iPhone+13+Pro
100689,Apple,iPhone 11 Pro Max,8 GB,MOBG75DGNUQ,74999,14,64499,3.9,2301,4,Jaipur,2023-01-05,https://www.flipkart.com/search?q=iPhone+11+Pro+Max
100690,Apple,iPhone 15 Pro,6 GB,MOBLTO9RVXS,134900,14,116014,4.4,998,2,Delhi,2023-10-13,https://www.flipkart.com/search?q=iPhone+15+Pro
100691,Apple,iPhone 15 Plus,4 GB,MOB569R1086,89999,10,80999,4.7,4068,1,Jaipur,2023-06-06,https://www.flipkart.com/search?q=iPhone+15+Plus
100692,Apple,iPhone 12 Pro,6 GB,MOBL6XPK28D,79999,20,63999,4.3,459,5,Chennai,2024-10-05,https://www.flipkart.com/search?q=iPhone+12+Pro
100693,Apple,iPhone 15 Pro Max,8 GB,MOB9JKI6LN8,159900,13,139113,4.9,1340,2,Lucknow,2023-08-20,https://www.flipkart.com/search?q=iPhone+15+Pro+Max
100694,Apple,iPhone 12 Mini,4 GB,MOBQ9CIGZLC,45999,1,45539,4.1,4261,1,Lucknow,2024-04-06,https://www.flipkart.com/search?q=iPhone+12+Mini
100695,Apple,iPhone 13,4 GB,MOBKGRDW1QC,59999,20,47999,4,2356,2,Chennai,2023-07-21,https://www.flipkart.com/search?q=iPhone+13
100696,Apple,iPhone 12,6 GB,MOBOI4X5EBP,49999,12,43999,4.2,645,1,Jaipur,2023-02-08,https://www.flipkart.com/search?q=iPhone+12
100697,Apple,iPhone 12 Pro,6 GB,MOB81EXRZLV,79999,17,66399,4.4,4024,4,Pune,2024-08-23,https://www.flipkart.com/search?q=iPhone+12+Pro
100698,Apple,iPhone 11,6 GB,MOBZQNULEL2,39999,5,37999,4,2973,3,Mumbai,2024-11-29,https://www.flipkart.com/search?q=iPhone+11
100699,Apple,iPhone 13,4 GB,MOBGKQRLB0E,59999,7,55799,4.5,4614,4,Mumbai,2023-12-05,https://www.flipkart.com/search?q=iPhone+13
100700,Apple,iPhone 12 Pro,6 GB,MOBDSZCAOFL,79999,17,66399,3.9,4900,1,Bangalore,2024-07-29,https://www.flipkart.com/search?q=iPhone+12+Pro
100701,Apple,iPhone 11,8 GB,MOBTVEA4VO2,39999,19,32399,4.2,4000,1,Delhi,2023-03-10,https://www.flipkart.com/search?q=iPhone+11
100702,Apple,iPhone 12 Pro,4 GB,MOB59DOX8VL,79999,7,74399,4.5,833,3,Ahmedabad,2023-02-06,https://www.flipkart.com/search?q=iPhone+12+Pro
100703,Apple,iPhone 14,4 GB,MOB6T52V7NE,69999,1,69299,4.9,1091,4,Lucknow,2023-06-26,https://www.flipkart.com/search?q=iPhone+14
100704,Apple,iPhone 14 Pro Max,4 GB,MOB8Q7QBYL8,129999,3,126099,3.9,1077,4,Chennai,2024-10-24,https://www.flipkart.com/search?q=iPhone+14+Pro+Max
100705,Apple,iPhone 11 Pro,8 GB,MOB29PE8UN2,69999,3,67899,4.8,3743,4,Ahmedabad,2023-05-12,https://www.flipkart.com/search?q=iPhone+11+Pro
100706,Apple,iPhone 14,8 GB,MOBVBYD2ZP1,69999,2,68599,4.5,639,3,Hyderabad,2023-01-16,https://www.flipkart.com/search?q=iPhone+14
100707,Apple,iPhone 12 Mini,4 GB,MOB9HCZBI55,45999,4,44159,4.8,2451,5,Bangalore,2023-01-15,https://www.flipkart.com/search?q=iPhone+12+Mini
100708,Apple,iPhone 13 Mini,8 GB,MOBOCBUSSJH,54999,20,43999,4.8,3012,3,Ahmedabad,2023-02-06,https://www.flipkart.com/search?q=iPhone+13+Mini
100709,Apple,iPhone 15,4 GB,MOBZNF7RUMD,79999,20,63999,4.4,3614,4,Kolkata,2023-11-19,https://www.flipkart.com/search?q=iPhone+15
100710,Apple,iPhone 14 Plus,8 GB,MOBW73ON6N7,74999,11,66749,4,2280,5,Chennai,2023-05-21,https://www.flipkart.com/search?q=iPhone+14+Plus
100711,Apple,iPhone 14,6 GB,MOBUGCUKECG,69999,9,63699,4,4335,3,Hyderabad,2023-03-12,https://www.flipkart.com/search?q=iPhone+14
100712,Apple,iPhone 14 Plus,8 GB,MOBJID287DU,74999,10,67499,4.4,3642,2,Hyderabad,2023-03-02,https://www.flipkart.com/search?q=iPhone+14+Plus
100713,Apple,iPhone 14 Pro,8 GB,MOBDWNLS3PH,119999,18,98399,4.8,2288,4,Ahmedabad,2023-04-14,https://www.flipkart.com/search?q=iPhone+14+Pro
100714,Apple,iPhone 15,4 GB,MOBUDWB0INU,79999,5,75999,4.1,3471,2,Mumbai,2024-04-19,https://www.flipkart.com/search?q=iPhone+15
100715,Apple,iPhone 14 Pro Max,6 GB,MOB9XQVS2C3,129999,7,120899,4.8,547,5,Delhi,2024-11-02,https://www.flipkart.com/search?q=iPhone+14+Pro+Max
100716,Apple,iPhone 15 Plus,8 GB,MOB3R4X9O7H,89999,15,76499,4.2,1845,3,Ahmedabad,2024-09-16,https://www.flipkart.com/search?q=iPhone+15+Plus
100717,Apple,iPhone 15 Pro,8 GB,MOB0QNYZSBP,134900,15,114665,4.2,4373,5,Chennai,2024-08-23,https://www.flipkart.com/search?q=iPhone+15+Pro
100718,Apple,iPhone 14 Pro Max,8 GB,MOB2NJAIMJU,129999,9,118299,4.8,2262,3,Mumbai,2023-09-28,https://www.flipkart.com/search?q=iPhone+14+Pro+Max
100719,Apple,iPhone 15 Pro Max,6 GB,MOBT1ID9DST,159900,11,142311,4.8,1846,5,Bangalore,2023-02-28,https://www.flipkart.com/search?q=iPhone+15+Pro+Max
100720,Apple,iPhone 14,4 GB,MOBPJWOPNF2,69999,1,69299,4.4,1989,5,Bangalore,2024-11-19,https://www.flipkart.com/search?q=iPhone+14
100721,Apple,iPhone 11 Pro,4 GB,MOBR7PBVJPV,69999,16,58799,4.6,987,1,Jaipur,2024-08-16,https://www.flipkart.com/search?q=iPhone+11+Pro
100722,Apple,iPhone 12 Pro Max,8 GB,MOBRZK5781T,84999,6,79899,4.4,4676,4,Jaipur,2023-12-30,https://www.flipkart.com/search?q=iPhone+12+Pro+Max
100723,Apple,iPhone 13,6 GB,MOB5ODJGGAZ,59999,10,53999,4.1,1442,5,Bangalore,2024-12-01,https://www.flipkart.com/search?q=iPhone+13
100724,Apple,iPhone 12 Mini,8 GB,MOBT4QTAMA2,45999,15,39099,3.9,298,1,Pune,2023-03-12,https://www.flipkart.com/search?q=iPhone+12+Mini
100725,Apple,iPhone 15 Pro,6 GB,MOB9NY4DY7A,134900,16,113316,4.2,2986,5,Chennai,2024-11-21,https://www.flipkart.com/search?q=iPhone+15+Pro
100726,Apple,iPhone 15,4 GB,MOB5BJPOD1J,79999,5,75999,4.6,1774,1,Kolkata,2024-07-13,https://www.flipkart.com/search?q=iPhone+15
100727,Apple,iPhone 13 Pro Max,8 GB,MOBWMFFDB3E,94999,17,78849,4.1,373,4,Bangalore,2024-03-23,https://www.flipkart.com/search?q=iPhone+13+Pro+Max
100728,Apple,iPhone 15 Pro Max,4 GB,MOB9XDMJ0J9,159900,6,150306,4.6,2689,1,Pune,2023-09-28,https://www.flipkart.com/search?q=iPhone+15+Pro+Max
100729,Apple,iPhone 13,6 GB,MOBYLXGG4E8,59999,2,58799,4.5,1132,3,Chennai,2024-10-16,https://www.flipkart.com/search?q=iPhone+13
100730,Apple,iPhone 15 Plus,8 GB,MOBSN6DMSVN,89999,12,79199,4.2,2578,2,Jaipur,2024-05-16,https://www.flipkart.com/search?q=iPhone+15+Plus
100731,Apple,iPhone 14 Pro,6 GB,MOBC317A2IU,119999,7,111599,4.8,3411,4,Delhi,2023-05-12,https://www.flipkart.com/search?q=iPhone+14+Pro
100732,Apple,iPhone 11,8 GB,MOB2D9I9TQY,39999,18,32799,4.1,4699,1,Mumbai,2024-08-18,https://www.flipkart.com/search?q=iPhone+11
100733,Apple,iPhone 15 Plus,6 GB,MOBB77RQ2FV,89999,4,86399,4.3,2621,3,Lucknow,2024-03-10,https://www.flipkart.com/search?q=iPhone+15+Plus
100734,Apple,iPhone 15 Pro,6 GB,MOBK6TM9CPL,134900,6,126806,3.9,1161,4,Bangalore,2023-07-19,https://www.flipkart.com/search?q=iPhone+15+Pro
100735,Apple,iPhone 13 Pro,8 GB,MOBFGST03EN,89999,15,76499,4.2,4020,1,Kolkata,2024-11-24,https://www.flipkart.com/search?q=iPhone+13+Pro
100736,Apple,iPhone 13 Pro,8 GB,MOBSXUBT1GP,89999,16,75599,4,4499,2,Jaipur,2024-12-18,https://www.flipkart.com/search?q=iPhone+13+Pro
100737,Apple,iPhone 13 Pro Max,4 GB,MOBPGGLVJIG,94999,19,76949,4.3,334,1,Lucknow,2023-10-12,https://www.flipkart.com/search?q=iPhone+13+Pro+Max
100738,Apple,iPhone 12,4 GB,MOBAX08IO2Z,49999,4,47999,4.5,2930,3,Jaipur,2024-12-05,https://www.flipkart.com/search?q=iPhone+12
100739,Apple,iPhone 13 Pro,4 GB,MOBEDUP69S0,89999,2,88199,4.8,3995,2,Jaipur,2024-10-09,https://www.flipkart.com/search?q=iPhone+13+Pro
100740,Apple,iPhone 12 Pro,8 GB,MOB0FJJS7V5,79999,5,75999,4.2,2700,4,Chennai,2023-10-07,https://www.flipkart.com/search?q=iPhone+12+Pro
100741,Apple,iPhone 13 Pro Max,8 GB,MOB8QH675Z4,94999,2,93099,4.6,325,1,Bangalore,2024-05-17,https://www.flipkart.com/search?q=iPhone+13+Pro+Max
100742,Apple,iPhone 12 Mini,8 GB,MOBDZ3WTS8H,45999,16,38639,4.6,2459,3,Ahmedabad,2023-08-07,https://www.flipkart.com/search?q=iPhone+12+Mini
100743,Apple,iPhone 13,6 GB,MOB2HRKHRH6,59999,11,53399,4.8,3879,1,Pune,2023-07-23,https://www.flipkart.com/search?q=iPhone+13
100744,Apple,iPhone 12 Mini,6 GB,MOBMKEVYRK0,45999,11,40939,4.8,4353,3,Kolkata,2024-12-06,https://www.flipkart.com/search?q=iPhone+12+Mini
100745,Apple,iPhone 12,4 GB,MOBQ6O9FDOG,49999,11,44499,4.7,2515,1,Delhi,2023-10-28,https://www.flipkart.com/search?q=iPhone+12
100746,Apple,iPhone 11 Pro,4 GB,MOBLMPBLB1D,69999,2,68599,4.2,868,3,Hyderabad,2024-08-22,https://www.flipkart.com/search?q=iPhone+11+Pro
100747,Apple,iPhone 13,6 GB,MOBE6URHJEE,59999,14,51599,4.8,4062,1,Delhi,2024-09-07,https://www.flipkart.com/search?q=iPhone+13
100748,Apple,iPhone 12 Pro Max,8 GB,MOBZMHJP3QO,84999,20,67999,4.6,1218,3,Mumbai,2023-09-21,https://www.flipkart.com/search?q=iPhone+12+Pro+Max
100749,Apple,iPhone 13,8 GB,MOBNY7RSK2X,59999,3,58199,4.1,3604,5,Pune,2023-11-27,https://www.flipkart.com/search?q=iPhone+13
100750,Apple,iPhone 15 Plus,4 GB,MOBZH8O0EF6,89999,18,73799,4.6,3457,5,Kolkata,2024-09-30,https://www.flipkart.com/search?q=iPhone+15+Plus
100751,Apple,iPhone 13 Mini,4 GB,MOB6P3N8YFE,54999,15,46749,3.8,3280,2,Bangalore,2023-06-29,https://www.flipkart.com/search?q=iPhone+13+Mini
100752,Apple,iPhone 11 Pro Max,8 GB,MOBAT2QTNGN,74999,2,73499,4.6,4733,3,Pune,2023-11-07,https://www.flipkart.com/search?q=iPhone+11+Pro+Max
100753,Apple,iPhone 12 Pro Max,4 GB,MOB49MMD9ZJ,84999,15,72249,4.1,4270,4,Delhi,2023-08-13,https://www.flipkart.com/search?q=iPhone+12+Pro+Max
100754,Apple,iPhone 12 Pro,4 GB,MOB5R8KMXHI,79999,6,75199,4.4,3795,2,Ahmedabad,2024-04-05,https://www.flipkart.com/search?q=iPhone+12+Pro
100755,Apple,iPhone 14 Plus,4 GB,MOB9WZ3E2K6,74999,20,59999,4.4,2974,3,Jaipur,2023-12-17,https://www.flipkart.com/search?q=iPhone+14+Plus
100756,Apple,iPhone 13,6 GB,MOBF1LWZ0YL,59999,16,50399,3.9,2304,4,Ahmedabad,2023-09-04,https://www.flipkart.com/search?q=iPhone+13
100757,Apple,iPhone 14 Plus,4 GB,MOB05FJRBVE,74999,15,63749,4.1,1838,5,Lucknow,2023-06-25,https://www.flipkart.com/search?q=iPhone+14+Plus
100758,Apple,iPhone 12 Mini,4 GB,MOBO0EBMMY0,45999,15,39099,3.9,4410,3,Chennai,2024-02-07,https://www.flipkart.com/search?q=iPhone+12+Mini
100759,Apple,iPhone 13,4 GB,MOBLGPLVA3Y,59999,8,55199,4.6,4599,1,Chennai,2024-01-01,https://www.flipkart.com/search?q=iPhone+13
100760,Apple,iPhone 15 Plus,4 GB,MOBS7Q81CA3,89999,6,84599,3.9,1197,4,Delhi,2024-09-26,https://www.flipkart.com/search?q=iPhone+15+Plus
100761,Apple,iPhone 14 Pro Max,8 GB,MOBD2DJMZOM,129999,15,110499,4.4,1208,1,Jaipur,2024-07-30,https://www.flipkart.com/search?q=iPhone+14+Pro+Max
100762,Apple,iPhone 11,4 GB,MOB1CF58G6S,39999,12,35199,4.5,4359,4,Bangalore,2023-05-20,https://www.flipkart.com/search?q=iPhone+11
100763,Apple,iPhone 13 Pro Max,4 GB,MOB63XP0HCK,94999,10,85499,4.3,4593,2,Delhi,2024-09-08,https://www.flipkart.com/search?q=iPhone+13+Pro+Max
100764,Apple,iPhone 11 Pro,6 GB,MOB9P7EP99L,69999,13,60899,4.3,4351,2,Lucknow,2023-06-13,https://www.flipkart.com/search?q=iPhone+11+Pro
100765,Apple,iPhone 14 Plus,6 GB,MOBBRUE5UHB,74999,1,74249,4.6,489,1,Pune,2024-11-23,https://www.flipkart.com/search?q=iPhone+14+Plus
100766,Apple,iPhone 13 Pro Max,6 GB,MOBVD83H6I8,94999,14,81699,3.9,2486,5,Delhi,2024-12-06,https://www.flipkart.com/search?q=iPhone+13+Pro+Max
100767,Apple,iPhone 11,6 GB,MOBHNI1X8M9,39999,7,37199,4.1,3168,5,Lucknow,2024-11-26,https://www.flipkart.com/search?q=iPhone+11
100768,Apple,iPhone 12 Pro,6 GB,MOBCM3ORRUO,79999,19,64799,4.4,1648,3,Jaipur,2023-01-31,https://www.flipkart.com/search?q=iPhone+12+Pro
100769,Apple,iPhone 11,8 GB,MOB5SZNW4UR,39999,14,34399,3.8,2795,3,Ahmedabad,2024-04-23,https://www.flipkart.com/search?q=iPhone+11
100770,Apple,iPhone 13 Pro,8 GB,MOBPEASM47J,89999,5,85499,4.9,3939,1,Bangalore,2023-06-20,https://www.flipkart.com/search?q=iPhone+13+Pro
100771,Apple,iPhone 11 Pro,8 GB,MOBVNACSKVU,69999,20,55999,4.8,333,4,Chennai,2024-06-01,https://www.flipkart.com/search?q=iPhone+11+Pro
100772,Apple,iPhone 14 Plus,4 GB,MOB0405BGB2,74999,15,63749,3.8,2323,2,Hyderabad,2023-10-06,https://www.flipkart.com/search?q=iPhone+14+Plus
100773,Apple,iPhone 15,4 GB,MOBO5LZWM3C,79999,11,71199,4.8,4265,4,Pune,2024-10-23,https://www.flipkart.com/search?q=iPhone+15
100774,Apple,iPhone 14,6 GB,MOBTMMYZKNQ,69999,1,69299,3.9,3003,1,Bangalore,2024-11-07,https://www.flipkart.com/search?q=iPhone+14
100775,Apple,iPhone 12 Mini,6 GB,MOBWI9Y74UX,45999,20,36799,4.5,805,3,Pune,2023-12-03,https://www.flipkart.com/search?q=iPhone+12+Mini
100776,Apple,iPhone 15 Pro Max,8 GB,MOBKN1117LS,159900,8,147108,4,4420,2,Delhi,2024-04-23,https://www.flipkart.com/search?q=iPhone+15+Pro+Max
100777,Apple,iPhone 15 Pro Max,6 GB,MOBT76BDMZR,159900,19,129519,4.4,4367,4,Hyderabad,2023-01-27,https://www.flipkart.com/search?q=iPhone+15+Pro+Max
100778,Apple,iPhone 14 Plus,6 GB,MOBLWA9BBWT,74999,7,69749,4,2614,1,Kolkata,2024-11-27,https://www.flipkart.com/search?q=iPhone+14+Plus
100779,Apple,iPhone 15 Pro,4 GB,MOBJQZHRV5Y,134900,11,120061,4.8,1487,5,Pune,2023-12-03,https://www.flipkart.com/search?q=iPhone+15+Pro
100780,Apple,iPhone 15 Pro Max,8 GB,MOB744CJGQL,159900,10,143910,3.9,2360,3,Pune,2023-01-14,https://www.flipkart.com/search?q=iPhone+15+Pro+Max
100781,Apple,iPhone 14,6 GB,MOBLW0AJMCM,69999,6,65799,4.7,3846,2,Ahmedabad,2023-10-29,https://www.flipkart.com/search?q=iPhone+14
100782,Apple,iPhone 15 Plus,6 GB,MOBOOCP5Y72,89999,12,79199,3.9,4302,3,Delhi,2023-01-17,https://www.flipkart.com/search?q=iPhone+15+Plus
100783,Apple,iPhone 13,4 GB,MOBVV0IA1Z1,59999,14,51599,4.4,1487,1,Kolkata,2024-01-10,https://www.flipkart.com/search?q=iPhone+13
100784,Apple,iPhone 15 Plus,8 GB,MOB71LQP4HQ,89999,14,77399,4.2,4978,5,Delhi,2023-01-06,https://www.flipkart.com/search?q=iPhone+15+Plus
100785,Apple,iPhone 13 Mini,6 GB,MOBF756MZOC,54999,18,45099,4.5,3141,3,Jaipur,2024-12-18,https://www.flipkart.com/search?q=iPhone+13+Mini
100786,Apple,iPhone 12,4 GB,MOB0QSL0Z4O,49999,2,48999,3.9,297,3,Delhi,2024-01-28,https://www.flipkart.com/search?q=iPhone+12
100787,Apple,iPhone 15,8 GB,MOBWP44UWPA,79999,5,75999,4.1,1249,1,Hyderabad,2023-05-15,https://www.flipkart.com/search?q=iPhone+15
100788,Apple,iPhone 14 Plus,8 GB,MOB2KEEXPUN,74999,9,68249,4,2303,2,Lucknow,2023-08-21,https://www.flipkart.com/search?q=iPhone+14+Plus
100789,Apple,iPhone 15 Pro,6 GB,MOBEDBA1NDA,134900,6,126806,4.7,3062,3,Delhi,2024-03-25,https://www.flipkart.com/search?q=iPhone+15+Pro
100790,Apple,iPhone 14,6 GB,MOBVZ564PNJ,69999,9,63699,4.2,1703,5,Mumbai,2024-03-21,https://www.flipkart.com/search?q=iPhone+14
100791,Apple,iPhone 13,8 GB,MOB7ZGJH1GC,59999,9,54599,4.8,1373,3,Mumbai,2023-07-22,https://www.flipkart.com/search?q=iPhone+13
100792,Apple,iPhone 13 Pro Max,6 GB,MOBMALMXKVW,94999,8,87399,4.8,4031,2,Jaipur,2023-09-17,https://www.flipkart.com/search?q=iPhone+13+Pro+Max
100793,Apple,iPhone 11 Pro,6 GB,MOB0FX6YS7J,69999,20,55999,4.4,4854,1,Delhi,2023-09-14,https://www.flipkart.com/search?q=iPhone+11+Pro
100794,Apple,iPhone 13 Pro,4 GB,MOBKO62XSB1,89999,7,83699,4.6,2453,5,Lucknow,2023-08-23,https://www.flipkart.com/search?q=iPhone+13+Pro
100795,Apple,iPhone 11 Pro Max,8 GB,MOBGE6FJZQG,74999,5,71249,4.1,3803,1,Jaipur,2023-10-23,https://www.flipkart.com/search?q=iPhone+11+Pro+Max
100796,Apple,iPhone 11,8 GB,MOBH9CNF6N3,39999,5,37999,4.3,4188,3,Jaipur,2024-07-22,https://www.flipkart.com/search?q=iPhone+11
100797,Apple,iPhone 15 Plus,4 GB,MOBRBZKF9MH,89999,6,84599,3.9,748,3,Kolkata,2024-06-26,https://www.flipkart.com/search?q=iPhone+15+Plus
100798,Apple,iPhone 11 Pro,8 GB,MOB9JLHWGWE,69999,8,64399,4.3,3181,1,Mumbai,2023-12-11,https://www.flipkart.com/search?q=iPhone+11+Pro
100799,Apple,iPhone 15,8 GB,MOBV3VZP2EJ,79999,3,77599,4.1,381,5,Delhi,2024-08-05,https://www.flipkart.com/search?q=iPhone+15